pair_id,left_rule_id,right_rule_id,left_law,right_law,left_norm,right_norm,机器标记,校验标记,出现查询数,方向分布,AI裁决分布,AI冲突类型分布,AI依据分布,示例query,AI理由样例,专家裁决(无冲突/稳定冲突/场景依赖),专家冲突类型,专家压制方向,专家法理依据,专家备注,专家法理依据(lex_specialis/lex_superior/contextual/none)
P001,CN_GBA_MO_GUIDE_Art4,CN_PIPL_Art39_001,粤港澳大湾区（内地、澳门）个人信息跨境流动标准合同实施指引,个人信息保护法,规范性文件（实施指引）,法律,跨法域; GBA指引相关,,229,CN->MO:229,并存（按孰严执行）:229,并行义务:229,contextual:170; none:38; lex_specialis:16; lex_superior:5,GBAMC-DRAFT-0600,PIPL第39条要求告知并取得单独同意；GBA指引第4条要求按属地法律告知或取得同意。两者均为出境前义务，并行不悖，按孰严执行。,,,,,,
P002,CN_PIPL_Art38_001,MO_PDPA_Art19_001,个人信息保护法,澳门《个人资料保护法》,法律,澳门法律,跨法域,,203,CN->MO:203,并存（按孰严执行）:203,并行义务:203,contextual:178; none:25,GBAMC-DRAFT-0600,内地法要求出境具备安全评估、认证或标准合同等条件；澳门法要求接收地具备适当保护程度。分属不同法域，义务累积适用，不存在一方压制另一方。,,,,,,
P003,CN_GBA_MO_GUIDE_Art2,CN_OUTBOUND_Art8_001,粤港澳大湾区（内地、澳门）个人信息跨境流动标准合同实施指引,促进和规范数据跨境流动规定,规范性文件（实施指引）,部门规章,跨法域; GBA指引相关,gba_quantitative_exemption_disputed:192,192,CN->MO:192,待定（口径未明）:192,一般与例外:142; 并行义务:50,lex_specialis:144; contextual:48,GBAMC-DRAFT-0600,GBA指引允许注册于九市或澳门的处理者经标准合同跨境提供个人信息，港方材料称豁免《标准合同办法》第4条数量限制；《促进和规范数据跨境流动规定》晚出且未明文衔接，业内对敏感个人信息超1万人能否仍走GBA标准合同存在分歧。按并存处理，两条义务并行，不判定一方压制另一方。,,,,,,
P004,CN_GBA_MO_GUIDE_Art2,CN_OUTBOUND_Art7_002,粤港澳大湾区（内地、澳门）个人信息跨境流动标准合同实施指引,促进和规范数据跨境流动规定,规范性文件（实施指引）,部门规章,跨法域; GBA指引相关,gba_quantitative_exemption_disputed:140,140,CN->MO:140,待定（口径未明）:140,一般与例外:127; 并行义务:12; 强制与可选:1,lex_specialis:118; contextual:20; lex_posterior:2,GBAMC-DRAFT-0601,GBA指引允许敏感信息超1万人仍用标准合同，出境规定第7条要求1万人以上敏感信息申报安全评估。两口径并存，须同时满足备案与评估要求，按孰严执行。,,,,,,
P015,CN_GDHMD_008,HK_PDPO_DPP4_001,广东省健康医疗数据安全分类分级管理技术规范,香港《个人资料（私隐）条例》,团体标准（推荐性技术文件）,香港主体条例,跨法域,,50,HK->CN:50,并存（按孰严执行）:50,并行义务:50,contextual:49; none:1,GBAMC-DRAFT-0000,香港保安原则要求采取切实可行措施保障数据；内地团体标准建议检验影像假名化水印。两者均为保护性义务，可同时满足。,,,,,,
P017,CN_GBA_MO_GUIDE_Art7,CN_OUTBOUND_Art8_001,粤港澳大湾区（内地、澳门）个人信息跨境流动标准合同实施指引,促进和规范数据跨境流动规定,规范性文件（实施指引）,部门规章,跨法域; GBA指引相关,gba_quantitative_exemption_disputed:47,47,CN->MO:47,待定（口径未明）:47,并行义务:47,contextual:35; none:12,GBAMC-DRAFT-0601,GBA指引要求10个工作日内向粤网信办或澳门个资局备案，出境规定第8条要求订立标准合同或认证。备案与合同/认证并行，须同时完成。,,,,,,
P018,CN_PIPL_Art38_001,HK_PDPO_DPP4_001,个人信息保护法,香港《个人资料（私隐）条例》,法律,香港主体条例,跨法域,,46,CN->HK:46,并存（按孰严执行）:46,并行义务:46,contextual:43; none:3,GBAMC-DRAFT-0241,内地要求出境具备安全评估、认证或标准合同条件，香港要求采取保安措施。分属不同法域，义务并行，按孰严执行。,,,,,,
P019,CN_PIPL_Art39_001,MO_PDPA_Art20_001,个人信息保护法,澳门《个人资料保护法》,法律,澳门法律,跨法域,,45,CN->MO:45,并存（按孰严执行）:45,并行义务:45,contextual:32; none:13,GBAMC-DRAFT-0601,内地要求单独同意，澳门允许当事人明确同意作为转移例外。两者均为同意机制，并行适用，按孰严执行。,,,,,,
P020,CN_GDHMD_023,HK_PDPO_DPP4_001,广东省健康医疗数据安全分类分级管理技术规范,香港《个人资料（私隐）条例》,团体标准（推荐性技术文件）,香港主体条例,跨法域,,41,HK->CN:41,并存（按孰严执行）:41,并行义务:41,contextual:41,GBAMC-DRAFT-0481,香港PDPO保安原则要求采取切实可行措施保障资料；广东团体标准建议跨境远程监护用DTLS 1.3加密。两者均为安全义务，并行不悖，按孰严执行。,,,,,,
P022,CN_GBA_MO_GUIDE_Art2,CN_HGR_Art28_001,粤港澳大湾区（内地、澳门）个人信息跨境流动标准合同实施指引,人类遗传资源管理条例,规范性文件（实施指引）,行政法规,跨法域; GBA指引相关,,37,CN->MO:37,并存（按孰严执行）:37,并行义务:37,lex_specialis:26; contextual:8; none:3,GBAMC-DRAFT-0614,基因测序数据属人类遗传资源信息，向澳门提供须依《人类遗传资源管理条例》第28条备案备份；GBA标准合同不豁免该义务，二者并行。,,,,,,
P026,CN_GBA_MO_GUIDE_Art2,CN_PIPL_Art38_001,粤港澳大湾区（内地、澳门）个人信息跨境流动标准合同实施指引,个人信息保护法,规范性文件（实施指引）,法律,跨法域; GBA指引相关,,32,CN->MO:32,并存（按孰严执行）:32,并行义务:28; 一般与例外:4,lex_specialis:28; contextual:4,GBAMC-DRAFT-0614,PIPL第38条列举出境合法路径，GBA标准合同属其中标准合同路径的区域安排。两者并行，不排斥，应同时满足。,,,,,,
P028,CN_GDHMD_001,HK_PDPO_DPP4_001,广东省健康医疗数据安全分类分级管理技术规范,香港《个人资料（私隐）条例》,团体标准（推荐性技术文件）,香港主体条例,跨法域,,30,HK->CN:30,并存（按孰严执行）:30,并行义务:30,contextual:30,GBAMC-DRAFT-0004,香港PDPO保安原则要求采取切实可行措施保障资料；广东团标要求基因数据匿名化处理。两者均为保安义务，并行不悖，按孰严执行。,,,,,,
P030,CN_SPI_001,HK_PDPO_DPP4_001,网络安全标准实践指南 — 敏感个人信息识别指南,香港《个人资料（私隐）条例》,技术指南（推荐性）,香港主体条例,跨法域,,28,HK->CN:28,并存（按孰严执行）:28,并行义务:28,contextual:28,GBAMC-DRAFT-0482,香港PDPO保安原则要求保障资料免受未获准许查阅，内地指南将住院病历列为敏感个人信息；两者分属不同法域，义务并存，按孰严执行，不构成冲突。,,,,,,
P034,CN_GDHMD_001,CN_HGR_Art28_001,广东省健康医疗数据安全分类分级管理技术规范,人类遗传资源管理条例,团体标准（推荐性技术文件）,行政法规,AI裁决不一致,normalized_basis_to_none:16,23,CN->MO:23,并存（按孰严执行）:11; 排除左:11; 无冲突:1,并行义务:12; 强制与可选:10; 一般与例外:1,none:23,GBAMC-DRAFT-0605,团体标准非法规，不得以“4级数据需国家审批”压制行政法规。基因数据出境应并行适用人类遗传资源备案备份及安全审查义务。,,,,,,
P037,CN_GBA_HK_GUIDE_Art5,HK_PDPO_DPP4_001,粤港澳大湾区（内地、香港）个人信息跨境流动标准合同实施指引,香港《个人资料（私隐）条例》,规范性文件（实施指引）,香港主体条例,跨法域; GBA指引相关,,21,CN->HK:21,并存（按孰严执行）:21,并行义务:21,contextual:18; none:3,GBAMC-DRAFT-0240,香港PDPO第4原则要求采取保安措施；GBA指引第5条要求开展影响评估。两者均为安全义务，内容互补，应累积履行。,,,,,,
P045,CN_GBA_MO_GUIDE_Art7,MO_PDPA_Art19_002,粤港澳大湾区（内地、澳门）个人信息跨境流动标准合同实施指引,澳门《个人资料保护法》,规范性文件（实施指引）,澳门法律,跨法域; GBA指引相关,,17,CN->MO:17,并存（按孰严执行）:17,并行义务:17,contextual:17,GBAMC-DRAFT-0618,GBA指引要求标准合同备案；澳门PDPA要求个案决定转移许可。两者并行，按各自程序履行。,,,,,,
P048,CN_PIPL_Art40_001,HK_PDPO_DPP4_001,个人信息保护法,香港《个人资料（私隐）条例》,法律,香港主体条例,跨法域,,15,CN->HK:15,并存（按孰严执行）:15,并行义务:15,contextual:15,GBAMC-DRAFT-0247,内地境内存储与安全评估要求，与香港保安措施原则并行，分属不同法域，义务累积。,,,,,,
P049,CN_OUTBOUND_Art7_002,MO_PDPA_Art19_002,促进和规范数据跨境流动规定,澳门《个人资料保护法》,部门规章,澳门法律,跨法域,,14,CN->MO:14,并存（按孰严执行）:14,并行义务:14,contextual:13; none:1,GBAMC-DRAFT-0610,内地安全评估与澳门个案决定机制并行，分别由内地和澳门监管机构执行，义务并存。,,,,,,
P050,CN_OUTBOUND_Art8_001,MO_PDPA_Art19_002,促进和规范数据跨境流动规定,澳门《个人资料保护法》,部门规章,澳门法律,跨法域,,14,CN->MO:14,并存（按孰严执行）:14,并行义务:14,contextual:13; none:1,GBAMC-DRAFT-0600,内地侧不满1万人敏感个人信息应订立标准合同或认证；澳门侧如目的地保护程度不足则由个人资料保护当局个案决定。两法域义务并行，需同时满足。,,,,,,
P051,CN_GDHMD_023,CN_OUTBOUND_Art8_001,广东省健康医疗数据安全分类分级管理技术规范,促进和规范数据跨境流动规定,团体标准（推荐性技术文件）,部门规章,AI裁决不一致,normalized_basis_to_none:8,13,CN->MO:13,并存（按孰严执行）:7; 排除左:6,强制与可选:8; 并行义务:5,none:12; contextual:1,GBAMC-DRAFT-0727,团体标准CN_GDHMD_023为推荐性技术文件，非法规，不得以数据分级触发国家审批或替代法律、部门规章。其加密传输要求可作为技术参考，但法律义务以PIPL及《促进和规范数据跨境流动规定》为准。,,,,,,
P056,CN_GBA_MO_GUIDE_Art2,CN_HGR_RULES_Art36_001,粤港澳大湾区（内地、澳门）个人信息跨境流动标准合同实施指引,人类遗传资源管理条例实施细则,规范性文件（实施指引）,部门规章（实施细则）,跨法域; GBA指引相关,,10,CN->MO:10,并存（按孰严执行）:10,并行义务:10,lex_specialis:7; contextual:2; none:1,GBAMC-DRAFT-0617,实施细则第36条细化人类遗传资源信息对外提供备案与安全审查程序，与GBA标准合同路径并行，不因订立标准合同而免除。,,,,,,
P058,CN_GBA_MO_GUIDE_Art7,MO_PDPA_Art20_001,粤港澳大湾区（内地、澳门）个人信息跨境流动标准合同实施指引,澳门《个人资料保护法》,规范性文件（实施指引）,澳门法律,跨法域; GBA指引相关,,9,CN->MO:9,并存（按孰严执行）:9,并行义务:9,contextual:7; none:2,GBAMC-DRAFT-0637,GBA指引要求标准合同生效后10个工作日内向粤澳监管备案；澳门PDPA例外转移须通知公共当局。两者均为程序性义务，并行适用。,,,,,,
P059,CN_OUTBOUND_Art7_002,MO_PDPA_Art19_001,促进和规范数据跨境流动规定,澳门《个人资料保护法》,部门规章,澳门法律,跨法域,,9,CN->MO:9,并存（按孰严执行）:9,并行义务:9,contextual:8; none:1,GBAMC-DRAFT-0636,内地安全评估义务与澳门适当保护水平审查分属不同法域，义务并存，不存在一方压制另一方，须同时满足。,,,,,,
P062,CN_GDHMD_002,HK_PDPO_DPP4_001,广东省健康医疗数据安全分类分级管理技术规范,香港《个人资料（私隐）条例》,团体标准（推荐性技术文件）,香港主体条例,跨法域,,8,HK->CN:8,并存（按孰严执行）:8,并行义务:8,contextual:8,GBAMC-DRAFT-0485,香港保安原则与内地团体标准加密要求并行，团体标准非法规但可作合规参考，义务并存。,,,,,,
P065,CN_OUTBOUND_Art7_002,CN_PIPL_Art38_001,促进和规范数据跨境流动规定,个人信息保护法,部门规章,法律,,,8,CN->MO:7; CN->HK:1,并存（按孰严执行）:8,并行义务:7; 一般与例外:1,lex_specialis:5; lex_superior:3,GBAMC-DRAFT-0259,PIPL第38条为出境基本条件，第7条为敏感个人信息数量触发安全评估的具体化，二者并行不悖，应同时满足。,,,,,,
P066,CN_GBA_MO_GUIDE_Art2,MO_PDPA_Art19_001,粤港澳大湾区（内地、澳门）个人信息跨境流动标准合同实施指引,澳门《个人资料保护法》,规范性文件（实施指引）,澳门法律,跨法域; GBA指引相关,,7,CN->MO:7,并存（按孰严执行）:7,并行义务:7,contextual:7,GBAMC-DRAFT-0614,澳门PDPA要求接收地有适当保护水平，GBA标准合同为内地出境路径。分属不同法域，义务累积，不存在一方压制另一方。,,,,,,
P067,CN_GDHMD_001,CN_PIPL_Art38_001,广东省健康医疗数据安全分类分级管理技术规范,个人信息保护法,团体标准（推荐性技术文件）,法律,AI裁决不一致,normalized_basis_to_none:6,7,CN->MO:7,排除左:6; 无冲突:1,强制与可选:6; 并行义务:1,none:7,GBAMC-DRAFT-0617,团体标准非法规，其“4级数据需国家审批”无法律依据；现行法不存在以数据分级为触发要件的国家审批制度，不得据此压制PIPL出境条件。,,,,,,
P068,CN_OUTBOUND_Art7_002,MO_PDPA_Art20_001,促进和规范数据跨境流动规定,澳门《个人资料保护法》,部门规章,澳门法律,跨法域,,7,CN->MO:7,并存（按孰严执行）:7,并行义务:7,contextual:6; none:1,GBAMC-DRAFT-0609,内地要求超1万人敏感个人信息出境申报安全评估；澳门法在保护水平不足时设当事人同意等例外。两者分属内地与澳门法域，并行适用，不相互压制。,,,,,,
P069,CN_PIPL_Art39_001,MO_PDPA_Art19_001,个人信息保护法,澳门《个人资料保护法》,法律,澳门法律,跨法域,,7,CN->MO:7,并存（按孰严执行）:7,并行义务:7,contextual:6; none:1,GBAMC-DRAFT-0620,内地PIPL第39条要求告知并单独同意；澳门PDPA第19条要求确保接收地适当保护水平。分属不同法域，义务累积适用，不存在一方压制另一方。,,,,,,
P071,HK_PDPO_DPP1_003,HK_PDPO_DPP4_001,香港《个人资料（私隐）条例》,香港《个人资料（私隐）条例》,香港主体条例,香港主体条例,同法内关系,,7,HK->CN:7,并存（按孰严执行）:7,并行义务:7,contextual:6; none:1,GBAMC-DRAFT-0015,告知义务与保安义务分属不同环节，均适用于本次跨境提供及训练操作，并行不冲突。,,,,,,
P074,CN_GBA_MO_GUIDE_Art2,CN_PIPL_Art40_001,粤港澳大湾区（内地、澳门）个人信息跨境流动标准合同实施指引,个人信息保护法,规范性文件（实施指引）,法律,跨法域; GBA指引相关,gba_quantitative_exemption_disputed:6,6,CN->MO:6,待定（口径未明）:6,并行义务:5; 一般与例外:1,contextual:4; lex_superior:1; lex_specialis:1,GBAMC-DRAFT-0614,若处理者属关键信息基础设施运营者或达国家网信部门规定数量，须境内存储并通过安全评估；GBA标准合同不豁免该义务。两者并行，按孰严执行。,,,,,,
P075,CN_GBA_MO_GUIDE_Art7,CN_PIPL_Art38_001,粤港澳大湾区（内地、澳门）个人信息跨境流动标准合同实施指引,个人信息保护法,规范性文件（实施指引）,法律,跨法域; GBA指引相关,,6,CN->MO:6,并存（按孰严执行）:6,并行义务:6,none:4; contextual:2,GBAMC-DRAFT-0611,GBA指引要求标准合同备案，PIPL第38条要求具备安全评估、认证或标准合同等条件之一。备案与合规条件并行，义务累积。,,,,,,
P077,CN_HGR_Art28_001,CN_OUTBOUND_Art5_004,人类遗传资源管理条例,促进和规范数据跨境流动规定,行政法规,部门规章,,,6,CN->MO:6,并存（按孰严执行）:6,并行义务:3; 义务与许可:3,lex_specialis:5; none:1,GBAMC-DRAFT-0678,人类遗传资源管理条例第28条对向境外提供人类遗传资源信息设事先备案与信息备份义务，可能影响公众健康、国家安全和社会公共利益的还须安全审查；数据出境豁免规定不排除该特别义务。两者并行，应同时履行。,,,,,,
P079,HK_PDPO_DPP3_001,HK_PDPO_DPP4_001,香港《个人资料（私隐）条例》,香港《个人资料（私隐）条例》,香港主体条例,香港主体条例,同法内关系,,6,HK->CN:6,并存（按孰严执行）:6,并行义务:6,contextual:5; none:1,GBAMC-DRAFT-0019,保安措施义务与使用限制义务并行，跨境AI训练场景下须同时确保资料安全及用途合规，不构成冲突。,,,,,,
P080,CN_CSSPG_001,HK_PDPO_DPP3_001,网络安全标准实践指南 — 敏感个人信息识别指南,香港《个人资料（私隐）条例》,技术指南（推荐性）,香港主体条例,跨法域,,5,HK->CN:5,并存（按孰严执行）:5,并行义务:5,contextual:5,GBAMC-DRAFT-0048,香港PDPO使用限制原则与内地敏感个人信息识别指南分属不同法域，义务并行累积，不存在一方压制另一方。,,,,,,
P082,CN_GBA_HK_GUIDE_Art8,HK_PDPO_DPP4_001,粤港澳大湾区（内地、香港）个人信息跨境流动标准合同实施指引,香港《个人资料（私隐）条例》,规范性文件（实施指引）,香港主体条例,跨法域; GBA指引相关,,5,CN->HK:5,并存（按孰严执行）:5,并行义务:5,contextual:5,GBAMC-DRAFT-0261,GBA指引要求标准合同生效后10个工作日内备案；香港PDPO要求采取保安措施。两者并行，应同时履行。,,,,,,
P083,CN_GBA_MO_GUIDE_Art2,MO_PDPA_Art19_002,粤港澳大湾区（内地、澳门）个人信息跨境流动标准合同实施指引,澳门《个人资料保护法》,规范性文件（实施指引）,澳门法律,跨法域; GBA指引相关,,5,CN->MO:5,并存（按孰严执行）:5,并行义务:5,contextual:3; none:2,GBAMC-DRAFT-0693,若澳门当局认为内地法律体系未确保适当保护程度，可个案决定是否允许转移；GBA指引不排除澳门PDPA的个案审查，二者并行。,,,,,,
P084,CN_GBA_MO_GUIDE_Art7,CN_OUTBOUND_Art7_002,粤港澳大湾区（内地、澳门）个人信息跨境流动标准合同实施指引,促进和规范数据跨境流动规定,规范性文件（实施指引）,部门规章,跨法域; GBA指引相关,gba_quantitative_exemption_disputed:5,5,CN->MO:5,待定（口径未明）:5,并行义务:4; 义务与许可:1,contextual:4; none:1,GBAMC-DRAFT-0645,GBA指引要求标准合同备案，出境规定第7条要求安全评估申报。若适用GBA路径则备案，若触发第7条则评估，两者义务并存，按孰严执行。,,,,,,
P085,CN_GBA_MO_GUIDE_Art7,MO_PDPA_Art19_001,粤港澳大湾区（内地、澳门）个人信息跨境流动标准合同实施指引,澳门《个人资料保护法》,规范性文件（实施指引）,澳门法律,跨法域; GBA指引相关,,5,CN->MO:5,并存（按孰严执行）:5,并行义务:5,contextual:4; none:1,GBAMC-DRAFT-0664,内地侧标准合同备案与澳门侧PDPA第19条适当保护程度审查分属不同法域，义务累积适用，按孰严执行。,,,,,,
P088,CN_GDHMD_023,CN_PIPL_Art39_001,广东省健康医疗数据安全分类分级管理技术规范,个人信息保护法,团体标准（推荐性技术文件）,法律,AI裁决不一致,normalized_basis_to_none:4,5,CN->MO:5,排除左:3; 无冲突:2,强制与可选:4; 并行义务:1,none:5,GBAMC-DRAFT-0736,生命体征监测数据跨境传输加密要求属推荐性技术标准，不能替代PIPL第39条告知与单独同意义务。二者层级不同，技术标准不压制法律义务。,,,,,,
P091,CN_OUTBOUND_Art8_001,MO_PDPA_Art19_001,促进和规范数据跨境流动规定,澳门《个人资料保护法》,部门规章,澳门法律,跨法域,,5,CN->MO:5,并存（按孰严执行）:5,并行义务:5,contextual:5,GBAMC-DRAFT-0618,内地要求标准合同或认证；澳门要求确保接收地适当保护水平。分属不同法域，义务累积适用。,,,,,,
P092,CN_CSSPG_001,HK_PDPO_DPP1_002,网络安全标准实践指南 — 敏感个人信息识别指南,香港《个人资料（私隐）条例》,技术指南（推荐性）,香港主体条例,跨法域,,4,HK->CN:4,并存（按孰严执行）:4,并行义务:4,contextual:4,GBAMC-DRAFT-0002,香港PDPO收集目的原则与内地敏感个人信息识别指南分属不同法域，前者为强制条例，后者为推荐性指南，义务并存，按孰严执行。,,,,,,
P093,CN_CSSPG_001,HK_PDPO_DPP4_001,网络安全标准实践指南 — 敏感个人信息识别指南,香港《个人资料（私隐）条例》,技术指南（推荐性）,香港主体条例,跨法域,,4,HK->CN:4,并存（按孰严执行）:4,并行义务:4,contextual:4,GBAMC-DRAFT-0040,香港保安措施原则与内地敏感个人信息识别指南并行适用，义务累积；指南为推荐性技术指南，不得据此要求安全评估或境内存储。,,,,,,
P094,CN_GBA_MO_GUIDE_Art4,MO_PDPA_Art20_001,粤港澳大湾区（内地、澳门）个人信息跨境流动标准合同实施指引,澳门《个人资料保护法》,规范性文件（实施指引）,澳门法律,跨法域; GBA指引相关,,4,CN->MO:4,并存（按孰严执行）:4,并行义务:4,contextual:4,GBAMC-DRAFT-0693,澳门PDPA例外情形包括资料当事人明确同意等；GBA指引要求告知或取得同意。两者均为同意相关义务，并行适用，不构成排斥。,,,,,,
P095,CN_GDHMD_022,CN_PIPL_Art38_001,广东省健康医疗数据安全分类分级管理技术规范,个人信息保护法,团体标准（推荐性技术文件）,法律,,normalized_basis_to_none:4,4,CN->MO:4,排除左:4,强制与可选:4,none:4,GBAMC-DRAFT-0625,CN_GDHMD_022系团体标准，要求诊断编码跨境DRG结算移除患者标识，但非法规。PIPL第38条为法律，出境条件以法律和部门规章为准，团体标准不得替代或压制法律义务。,,,,,,
P096,CN_GDHMD_023,CN_PIPL_Art38_001,广东省健康医疗数据安全分类分级管理技术规范,个人信息保护法,团体标准（推荐性技术文件）,法律,AI裁决不一致,normalized_basis_to_none:4,4,CN->MO:4,排除左:3; 无冲突:1,强制与可选:4,none:4,GBAMC-DRAFT-0759,团体标准推荐的DTLS加密属技术指引，不能替代PIPL第38条要求的出境法定条件。生命体征数据出境仍须满足安全评估、标准合同或认证等法定路径。,,,,,,
P102,CN_OUTBOUND_Art7_002,CN_SPI_008,促进和规范数据跨境流动规定,网络安全标准实践指南 — 敏感个人信息识别指南,部门规章,技术指南（推荐性）,,,4,CN->MO:4,并存（按孰严执行）:4,并行义务:4,contextual:3; none:1,GBAMC-DRAFT-0664,用药记录属敏感个人信息，与第7条敏感个人信息超1万人申报安全评估的规则并行适用，不构成冲突。,,,,,,
P109,CN_GDHMD_003,CN_PIPL_Art38_001,广东省健康医疗数据安全分类分级管理技术规范,个人信息保护法,团体标准（推荐性技术文件）,法律,,normalized_basis_to_none:3,3,CN->MO:3,排除左:3,强制与可选:3,none:3,GBAMC-DRAFT-0625,CN_GDHMD_003系团体标准，非法规，不得以数据分级触发国家审批。PIPL第38条为法律，出境条件以法律、行政法规和部门规章为准，团体标准不能压制或替代。,,,,,,
P112,CN_OUTBOUND_Art5_004,CN_SPI_015,促进和规范数据跨境流动规定,网络安全标准实践指南 — 敏感个人信息识别指南,部门规章,技术指南（推荐性）,AI裁决不一致,normalized_basis_to_none:3,3,CN->MO:3,排除右:2; 排除左:1,一般与例外:3,none:3,GBAMC-DRAFT-0797,睡眠监测报告属敏感个人信息，第5条豁免仅适用于不含敏感个人信息且不满10万人的情形；本案涉及敏感个人信息，第5条豁免不适用。,,,,,,
P113,CN_OUTBOUND_Art8_001,CN_SPI_008,促进和规范数据跨境流动规定,网络安全标准实践指南 — 敏感个人信息识别指南,部门规章,技术指南（推荐性）,,,3,CN->MO:3,并存（按孰严执行）:3,并行义务:3,contextual:2; none:1,GBAMC-DRAFT-0634,用药记录属敏感个人信息，触发PIPL及出境规定中敏感个人信息保护与出境条件；技术指南与部门规章并行适用，不构成排斥。,,,,,,
P114,CN_OUTBOUND_Art8_001,MO_PDPA_Art20_001,促进和规范数据跨境流动规定,澳门《个人资料保护法》,部门规章,澳门法律,跨法域,,3,CN->MO:3,并存（按孰严执行）:3,并行义务:3,contextual:3,GBAMC-DRAFT-0613,内地侧因不满1万人敏感个人信息应订立标准合同或认证；澳门侧可依当事人明确同意等例外转移。两法域义务并行，不相互排斥。,,,,,,
P119,CN_GBA_MO_GUIDE_Art4,MO_PDPA_Art19_002,粤港澳大湾区（内地、澳门）个人信息跨境流动标准合同实施指引,澳门《个人资料保护法》,规范性文件（实施指引）,澳门法律,跨法域; GBA指引相关,,2,CN->MO:2,并存（按孰严执行）:2,并行义务:2,contextual:2,GBAMC-DRAFT-0614,澳门当局个案决定与内地告知同意义务并行。分属不同法域，义务累积，按孰严执行。,,,,,,
P120,CN_GDHMD_001,CN_OUTBOUND_Art7_002,广东省健康医疗数据安全分类分级管理技术规范,促进和规范数据跨境流动规定,团体标准（推荐性技术文件）,部门规章,,normalized_basis_to_none:2,2,CN->MO:2,排除左:2,强制与可选:2,none:2,GBAMC-DRAFT-0687,团体标准非法规，不得以4级数据需国家审批压制部门规章；现行法无数据分级触发国家审批制度。,,,,,,
P124,CN_GDHMD_008,CN_SPI_008,广东省健康医疗数据安全分类分级管理技术规范,网络安全标准实践指南 — 敏感个人信息识别指南,团体标准（推荐性技术文件）,技术指南（推荐性）,,,2,CN->MO:2,并存（按孰严执行）:2,并行义务:2,none:1; contextual:1,GBAMC-DRAFT-0701,用药记录依敏感个人信息识别指南属敏感个人信息，须遵循PIPL保护规则；检验检查报告依广东团体标准属3级数据，建议假名化与水印。团体标准非法规，不得压制法律，二者并行参考适用。,,,,,,
P126,CN_GDHMD_022,CN_PIPL_Art39_001,广东省健康医疗数据安全分类分级管理技术规范,个人信息保护法,团体标准（推荐性技术文件）,法律,AI裁决不一致,normalized_basis_to_none:1,2,CN->MO:2,排除左:1; 并存（按孰严执行）:1,强制与可选:1; 并行义务:1,none:2,GBAMC-DRAFT-0604,团体标准推荐性要求不得替代PIPL第39条单独同意义务；诊断编码跨境仍须履行法律告知同意。,,,,,,
P127,CN_HGR_Art28_001,CN_PIPL_Art38_001,人类遗传资源管理条例,个人信息保护法,行政法规,法律,,,2,CN->HK:2,并存（按孰严执行）:2,并行义务:2,lex_specialis:1; none:1,GBAMC-DRAFT-0344,基因测序数据向香港提供，既触发人类遗传资源信息备案与备份义务，也触发个人信息出境合规路径，二者并行不排斥。,,,,,,
P128,CN_OUTBOUND_Art7_002,HK_PDPO_DPP4_001,促进和规范数据跨境流动规定,香港《个人资料（私隐）条例》,部门规章,香港主体条例,跨法域,,2,CN->HK:2,并存（按孰严执行）:2,并行义务:2,contextual:2,GBAMC-DRAFT-0308,内地安全评估义务与香港保安措施义务分属不同法域，并行不悖，应同时遵守。,,,,,,
P129,CN_PIPL_Art39_001,MO_PDPA_Art19_002,个人信息保护法,澳门《个人资料保护法》,法律,澳门法律,跨法域,,2,CN->MO:2,并存（按孰严执行）:2,并行义务:2,none:1; contextual:1,GBAMC-DRAFT-0639,澳门PDPA第19条第2款个案决定与内地PIPL第39条告知单独同意并行。两法域义务不排斥，按孰严执行，义务累积。,,,,,,
P130,CN_PIPL_Art40_001,HK_PDPO_DPP3_001,个人信息保护法,香港《个人资料（私隐）条例》,法律,香港主体条例,跨法域,,2,CN->HK:2,并存（按孰严执行）:2,并行义务:2,contextual:2,GBAMC-DRAFT-0244,内地境内存储与安全评估要求与香港使用限制原则并行，分属不同法域，义务累积。,,,,,,
P131,CN_PIPL_Art40_001,MO_PDPA_Art20_001,个人信息保护法,澳门《个人资料保护法》,法律,澳门法律,跨法域,,2,CN->MO:2,并存（按孰严执行）:2,并行义务:2,contextual:1; none:1,GBAMC-DRAFT-0752,内地关键信息基础设施或达量处理者须境内存储并安全评估；澳门例外转移须通知当局。两法域并行，义务并存。,,,,,,
P136,CN_CSSPG_001,HK_PDPO_DPP1_003,网络安全标准实践指南 — 敏感个人信息识别指南,香港《个人资料（私隐）条例》,技术指南（推荐性）,香港主体条例,跨法域,,1,HK->CN:1,并存（按孰严执行）:1,并行义务:1,contextual:1,GBAMC-DRAFT-0528,香港告知义务与内地敏感个人信息识别规则分属不同法域，义务并行不悖，应同时遵守，不构成冲突。,,,,,,
P137,CN_GBA_HK_GUIDE_Art2,HK_PDPO_DPP3_001,粤港澳大湾区（内地、香港）个人信息跨境流动标准合同实施指引,香港《个人资料（私隐）条例》,规范性文件（实施指引）,香港主体条例,跨法域; GBA指引相关,,1,CN->HK:1,并存（按孰严执行）:1,并行义务:1,contextual:1,GBAMC-DRAFT-0359,GBA指引允许标准合同跨境提供；香港PDPO第3原则限制使用目的。两法域义务累积适用，应同时满足。,,,,,,
P138,CN_GBA_HK_GUIDE_Art4,CN_OUTBOUND_Art7_002,粤港澳大湾区（内地、香港）个人信息跨境流动标准合同实施指引,促进和规范数据跨境流动规定,规范性文件（实施指引）,部门规章,跨法域; GBA指引相关,gba_quantitative_exemption_disputed:1,1,CN->HK:1,待定（口径未明）:1,并行义务:1,contextual:1,GBAMC-DRAFT-0310,第7条安全评估与GBA指引告知同意、不得再转移义务并行，均须履行，按孰严执行。,,,,,,
P139,CN_GBA_HK_GUIDE_Art5,CN_OUTBOUND_Art7_002,粤港澳大湾区（内地、香港）个人信息跨境流动标准合同实施指引,促进和规范数据跨境流动规定,规范性文件（实施指引）,部门规章,跨法域; GBA指引相关,gba_quantitative_exemption_disputed:1,1,CN->HK:1,待定（口径未明）:1,并行义务:1,contextual:1,GBAMC-DRAFT-0310,安全评估申报与个人信息保护影响评估并行，二者目的不同，均须完成。,,,,,,
P142,CN_GBA_MO_GUIDE_Art2,CN_SPI_008,粤港澳大湾区（内地、澳门）个人信息跨境流动标准合同实施指引,网络安全标准实践指南 — 敏感个人信息识别指南,规范性文件（实施指引）,技术指南（推荐性）,跨法域; GBA指引相关,,1,CN->MO:1,并存（按孰严执行）:1,并行义务:1,contextual:1,GBAMC-DRAFT-0717,用药记录属敏感个人信息，GBA标准合同路径不排除敏感个人信息保护规则，义务并行。,,,,,,
P143,CN_GBA_MO_GUIDE_Art4,CN_OUTBOUND_Art8_001,粤港澳大湾区（内地、澳门）个人信息跨境流动标准合同实施指引,促进和规范数据跨境流动规定,规范性文件（实施指引）,部门规章,跨法域; GBA指引相关,gba_quantitative_exemption_disputed:1,1,CN->MO:1,待定（口径未明）:1,并行义务:1,contextual:1,GBAMC-DRAFT-0618,内地规则要求标准合同或认证；GBA指引要求告知或同意且不得向大湾区外提供。两者并行适用，按孰严执行。,,,,,,
P144,CN_GBA_MO_GUIDE_Art7,CN_HGR_RULES_Art36_001,粤港澳大湾区（内地、澳门）个人信息跨境流动标准合同实施指引,人类遗传资源管理条例实施细则,规范性文件（实施指引）,部门规章（实施细则）,跨法域; GBA指引相关,,1,CN->MO:1,并存（按孰严执行）:1,并行义务:1,lex_specialis:1,GBAMC-DRAFT-0621,HGR实施细则第36条要求事先备案备份，GBA指引第7条要求标准合同备案。两者并行，处理者须分别向科技行政部门和网信/个资局备案。,,,,,,
P145,CN_GDHMD_003,MO_PDPA_Art19_002,广东省健康医疗数据安全分类分级管理技术规范,澳门《个人资料保护法》,团体标准（推荐性技术文件）,澳门法律,跨法域,,1,MO->CN:1,并存（按孰严执行）:1,并行义务:1,contextual:1,GBAMC-DRAFT-0375,澳门PDPA第19条第2款由澳门当局个案决定转移；广东团标对医保类4级数据提出单独同意与Token化。两者并行适用，无一方压制另一方。,,,,,,
P147,CN_GDHMD_008,CN_PIPL_Art39_001,广东省健康医疗数据安全分类分级管理技术规范,个人信息保护法,团体标准（推荐性技术文件）,法律,,normalized_basis_to_none:1,1,CN->MO:1,并存（按孰严执行）:1,并行义务:1,none:1,GBAMC-DRAFT-0763,团体标准建议检验检查报告跨境需假名化与水印，PIPL第39条要求告知并单独同意；二者并行，团体标准不得替代法律义务。,,,,,,
P149,CN_GDHMD_020,MO_PDPA_Art20_001,广东省健康医疗数据安全分类分级管理技术规范,澳门《个人资料保护法》,团体标准（推荐性技术文件）,澳门法律,跨法域,,1,MO->CN:1,并存（按孰严执行）:1,并行义务:1,contextual:1,GBAMC-DRAFT-0139,团体标准建议哈希化处理，澳门法律允许当事人同意等例外转移；二者义务并行，应按孰严执行，不构成冲突。,,,,,,
P150,CN_GDHMD_023,CN_OUTBOUND_Art7_002,广东省健康医疗数据安全分类分级管理技术规范,促进和规范数据跨境流动规定,团体标准（推荐性技术文件）,部门规章,,,1,CN->MO:1,并存（按孰严执行）:1,并行义务:1,none:1,GBAMC-DRAFT-0834,生命体征跨境远程监护加密要求为推荐性技术规范，与安全评估申报义务并行，不构成规范冲突。,,,,,,
P151,CN_HGR_Art28_001,CN_HGR_RULES_Art36_001,人类遗传资源管理条例,人类遗传资源管理条例实施细则,行政法规,部门规章（实施细则）,,,1,CN->MO:1,并存（按孰严执行）:1,并行义务:1,lex_specialis:1,GBAMC-DRAFT-0647,条例第28条与实施细则第36条均规范人类遗传资源信息对外提供，要求事先备案、信息备份，可能影响公共利益时须安全审查。两者并行，义务累积。,,,,,,
P152,CN_HGR_Art28_001,MO_PDPA_Art19_001,人类遗传资源管理条例,澳门《个人资料保护法》,行政法规,澳门法律,跨法域,,1,CN->MO:1,并存（按孰严执行）:1,并行义务:1,contextual:1,GBAMC-DRAFT-0762,人类遗传资源备案与澳门适当保护水平要求并行，义务累积，不构成排斥性冲突。,,,,,,
P153,CN_HGR_RULES_Art36_001,CN_OUTBOUND_Art5_004,人类遗传资源管理条例实施细则,促进和规范数据跨境流动规定,部门规章（实施细则）,部门规章,,,1,CN->MO:1,并存（按孰严执行）:1,并行义务:1,contextual:1,GBAMC-DRAFT-0703,人类遗传资源信息出境备案备份义务独立于数据出境数量豁免。第5条豁免仅针对个人信息数量门槛，不豁免人类遗传资源监管义务，两者并行。,,,,,,
P155,CN_OUTBOUND_Art5_004,CN_PIPL_Art39_001,促进和规范数据跨境流动规定,个人信息保护法,部门规章,法律,,,1,CN->MO:1,无冲突:1,义务与许可:1,contextual:1,GBAMC-DRAFT-0803,第5条豁免仅适用于不含敏感个人信息且不满10万人的情形。本操作涉及敏感个人信息且人数16222，豁免不适用，故与单独同意义务无冲突。,,,,,,
P156,CN_OUTBOUND_Art5_004,CN_PIPL_Art40_001,促进和规范数据跨境流动规定,个人信息保护法,部门规章,法律,,,1,CN->MO:1,排除右:1,一般与例外:1,lex_specialis:1,GBAMC-DRAFT-0620,PIPL第40条仅适用于关键信息基础设施运营者或达国家网信部门规定数量的处理者；本操作未表明属此类主体，故第40条不适用，第5条豁免亦因涉敏感个人信息不适用。,,,,,,
P157,CN_OUTBOUND_Art7_002,HK_PDPO_DPP1_002,促进和规范数据跨境流动规定,香港《个人资料（私隐）条例》,部门规章,香港主体条例,跨法域,,1,CN->HK:1,并存（按孰严执行）:1,并行义务:1,contextual:1,GBAMC-DRAFT-0310,内地安全评估与香港保障资料第1原则分属不同法域，义务并存，按孰严执行。,,,,,,
P158,CN_OUTBOUND_Art7_002,HK_PDPO_DPP1_003,促进和规范数据跨境流动规定,香港《个人资料（私隐）条例》,部门规章,香港主体条例,跨法域,,1,CN->HK:1,并存（按孰严执行）:1,并行义务:1,contextual:1,GBAMC-DRAFT-0310,内地安全评估与香港告知义务并行，接收方须履行PDPO告知要求。,,,,,,
P159,CN_OUTBOUND_Art7_002,HK_PDPO_DPP3_001,促进和规范数据跨境流动规定,香港《个人资料（私隐）条例》,部门规章,香港主体条例,跨法域,,1,CN->HK:1,并存（按孰严执行）:1,并行义务:1,contextual:1,GBAMC-DRAFT-0310,内地安全评估与香港使用限制原则并行，药物警戒用途须符合收集目的或取得同意。,,,,,,
P160,CN_OUTBOUND_Art7_002,HK_PDPO_S33_NOTE,促进和规范数据跨境流动规定,香港《个人资料（私隐）条例》,部门规章,香港主体条例,跨法域,,1,CN->HK:1,并存（按孰严执行）:1,并行义务:1,contextual:1,GBAMC-DRAFT-0310,第33条未生效，跨境移转仍受PDPO其他原则规管，与内地安全评估并行不冲突。,,,,,,
P161,CN_OUTBOUND_Art8_001,CN_PIPL_Art38_001,促进和规范数据跨境流动规定,个人信息保护法,部门规章,法律,,,1,CN->HK:1,并存（按孰严执行）:1,并行义务:1,none:1,GBAMC-DRAFT-0321,PIPL第38条与数据跨境规定第8条均为出境条件，后者为前者具体化。两者并行，按孰严执行。,,,,,,
P162,CN_OUTBOUND_Art8_001,CN_SPI_015,促进和规范数据跨境流动规定,网络安全标准实践指南 — 敏感个人信息识别指南,部门规章,技术指南（推荐性）,,,1,CN->MO:1,并存（按孰严执行）:1,并行义务:1,none:1,GBAMC-DRAFT-0781,睡眠监测报告属敏感个人信息，与第8条敏感个人信息出境门槛判断并行适用，不构成冲突。,,,,,,
P164,CN_PIPL_Art38_001,MO_PDPA_Art20_001,个人信息保护法,澳门《个人资料保护法》,法律,澳门法律,跨法域,,1,CN->MO:1,并存（按孰严执行）:1,一般与例外:1,contextual:1,GBAMC-DRAFT-0669,澳门例外情形与内地出境合法条件并行，不相互排斥；满足例外不免除内地出境义务。,,,,,,
P165,CN_PIPL_Art40_001,MO_PDPA_Art19_002,个人信息保护法,澳门《个人资料保护法》,法律,澳门法律,跨法域,,1,CN->MO:1,并存（按孰严执行）:1,并行义务:1,contextual:1,GBAMC-DRAFT-0815,PIPL第40条要求关键信息基础设施运营者或达量处理者境内存储并通过安全评估；澳门PDPA第19条第2款允许在保护水平不足时由当局个案决定。两法域义务并行，按孰严执行。,,,,,,
P167,CN_SPI_017,MO_PDPA_Art20_001,网络安全标准实践指南 — 敏感个人信息识别指南,澳门《个人资料保护法》,技术指南（推荐性）,澳门法律,跨法域,,1,MO->CN:1,并存（按孰严执行）:1,并行义务:1,contextual:1,GBAMC-DRAFT-0375,澳门PDPA第20条为转移例外情形；CN_SPI_017将疾病相关膳食建议列为敏感个人信息。两者分别规范出境例外与内地敏感信息识别，义务并存。,,,,,,
P168,CN_SPI_128,HK_PDPO_DPP4_001,网络安全标准实践指南 — 敏感个人信息识别指南,香港《个人资料（私隐）条例》,技术指南（推荐性）,香港主体条例,跨法域,,1,HK->CN:1,并存（按孰严执行）:1,并行义务:1,contextual:1,GBAMC-DRAFT-0031,香港保安原则要求保障资料安全；内地指南提示健康档案含医疗核心内容按敏感信息处理。两者并行，义务累积，按孰严执行。,,,,,,
P169,HK_PDPO_DPP1_002,HK_PDPO_DPP4_001,香港《个人资料（私隐）条例》,香港《个人资料（私隐）条例》,香港主体条例,香港主体条例,同法内关系,,1,HK->CN:1,并存（按孰严执行）:1,并行义务:1,none:1,GBAMC-DRAFT-0494,同属香港PDPO保障资料原则，分别规范收集目的与保安措施，对本次存储备份操作并行适用，不相互排斥。,,,,,,
