pair_id,left_rule_id,right_rule_id,left_law,right_law,机器标记,优先级,出现查询数,方向分布,AI裁决分布,AI冲突类型分布,AI依据分布,示例query,AI理由样例,专家裁决(无冲突/稳定冲突/场景依赖),专家冲突类型,专家压制方向,专家法理依据(lex_specialis/lex_superior/contextual/none),专家备注
P001,CN_GBA_MO_GUIDE_Art2,CN_GDHMD_001,粤港澳大湾区（内地、澳门）个人信息跨境流动标准合同实施指引,广东省健康医疗数据安全分类分级管理技术规范,跨法域; GBA指引相关; AI裁决不一致; 高频,高,158,CN->MO:81; MO->CN:77,right_suppresses_left:87; left_suppresses_right:64; exclude_left:7,一般与例外:68; 许可与禁止:51; 禁止与许可:35; 义务与许可:4,lex_specialis:143; lex_superior:11; contextual:4,GBAMC-DRAFT-0124-FLIP-CN-MO,基因数据属4级，GBA指引明确排除重要数据，且该规范要求国家审批，属强制性禁止，GBA不能豁免。,,,,,
P002,CN_GBA_MO_GUIDE_Art2,CN_OUTBOUND_Art7_002,粤港澳大湾区（内地、澳门）个人信息跨境流动标准合同实施指引,促进和规范数据跨境流动规定,跨法域; GBA指引相关; AI裁决不一致; 高频,高,129,CN->MO:100; MO->CN:29,left_suppresses_right:65; right_suppresses_left:62; exclude_left:2,一般与例外:64; 强制与可选:30; 义务与许可:21; 许可与禁止:11; 一般与特别:1; 一般与例外（重要数据排除）:1; 义务与许可（强制安全评估 vs 可选标准合同）:1,lex_specialis:124; lex_superior:3; contextual:2,GBAMC-DRAFT-0120-FLIP-CN-MO,GBA指引作为特别机制，在满足标准合同条件下可豁免安全评估，但需注意敏感信息量可能仍触发评估要求，需个案判断。,,,,,
P003,CN_GBA_MO_GUIDE_Art2,MO_PDPA_Art19_001,粤港澳大湾区（内地、澳门）个人信息跨境流动标准合同实施指引,澳门《个人资料保护法》,跨法域; GBA指引相关; AI裁决不一致; 高频,高,97,MO->CN:51; CN->MO:46,left_suppresses_right:58; right_suppresses_left:37; exclude_right:1; exclude_left:1,一般与例外:66; 义务与许可:21; 许可与禁止:8; 许可与义务:1; 许可与一般原则:1,contextual:51; lex_specialis:46,GBAMC-DRAFT-0120-FLIP-CN-MO,澳门法要求接收地有适当保护，内地法律体系符合此标准，GBA指引不构成对澳门法的例外，澳门法仍适用。,,,,,
P004,CN_GBA_HK_GUIDE_Art2,CN_OUTBOUND_Art7_002,粤港澳大湾区（内地、香港）个人信息跨境流动标准合同实施指引,促进和规范数据跨境流动规定,跨法域; GBA指引相关; AI裁决不一致; 高频,高,96,HK->CN:69; CN->HK:27,left_suppresses_right:52; right_suppresses_left:43; exclude_left:1,一般与例外:60; 强制与可选:14; 许可与禁止:13; 义务与许可:7; 许可与强制:1; 一般与例外（GBA便利机制与安全评估门槛）:1,lex_specialis:83; lex_superior:12; contextual:1,GBAMC-DRAFT-0243,GBA标准合同实施指引是针对粤港澳大湾区个人信息跨境流动的特别规定，属于一般出境安全评估的例外机制。操作符合GBA适用条件（注册于大湾区内地九市且向香港提供），应优先适用GBA指引。,,,,,
P005,CN_GBA_HK_GUIDE_Art2,CN_GDHMD_001,粤港澳大湾区（内地、香港）个人信息跨境流动标准合同实施指引,广东省健康医疗数据安全分类分级管理技术规范,跨法域; GBA指引相关; AI裁决不一致; 高频,高,88,HK->CN:70; CN->HK:18,right_suppresses_left:49; left_suppresses_right:39,一般与例外:33; 禁止与许可:25; 许可与禁止:22; 义务与许可:5; 禁止与许可（基因数据跨境限制）:2; 一般与例外（重要数据排除）:1,lex_specialis:83; contextual:3; lex_superior:2,GBAMC-DRAFT-0245,GBA指引明确排除重要数据，基因测序数据依广东规范属4级重要数据，需国家审批，故GBA标准合同机制不适用。,,,,,
P006,CN_GBA_MO_GUIDE_Art2,CN_PIPL_Art38_001,粤港澳大湾区（内地、澳门）个人信息跨境流动标准合同实施指引,个人信息保护法,跨法域; GBA指引相关; AI裁决不一致; 高频,高,77,CN->MO:50; MO->CN:27,right_suppresses_left:64; left_suppresses_right:13,一般与例外:70; 一般与特别:3; 特别与一般:2; 义务与许可:1; 一般与例外（便利机制与一般法）:1,lex_specialis:77,GBAMC-DRAFT-0120-FLIP-CN-MO,GBA标准合同指引是针对粤港澳大湾区的特别规定，允许通过标准合同替代一般出境安全评估，属于特别法优于一般法。,,,,,
P007,CN_GBA_HK_GUIDE_Art2,CN_PIPL_Art38_001,粤港澳大湾区（内地、香港）个人信息跨境流动标准合同实施指引,个人信息保护法,跨法域; GBA指引相关; AI裁决不一致; 高频,高,65,HK->CN:53; CN->HK:12,left_suppresses_right:35; right_suppresses_left:30,一般与例外:52; 许可与义务:2; 许可与禁止:2; 特别与一般:2; 特别法与一般法:2; 一般与特别:2; 强制与可选:1; 一般与特殊:1; 特别法与一般法（适用路径选择）:1,lex_specialis:62; lex_superior:3,GBAMC-DRAFT-0246,GBA标准合同机制是粤港澳大湾区内的特别便利安排，属于Art38所列'其他条件'的细化，在符合GBA指引条件下可优先适用，但需排除重要数据。,,,,,
P008,MO_PDPA_Art19_001,MO_PDPA_Art20_001,澳门《个人资料保护法》,澳门《个人资料保护法》,同法内关系; AI裁决不一致; 高频,高,61,CN->MO:55; MO->CN:6,right_suppresses_left:55; left_suppresses_right:5; exclude_right:1,一般与例外:45; 原则与例外:16,lex_specialis:51; contextual:10,GBAMC-DRAFT-0121-FLIP-CN-MO,澳门PDPA第19条规定转移需接收地有适当保护，但第20条提供例外（如当事人明确同意）。本操作涉及临床试验，若取得患者明确同意，可适用第20条例外，无需再评估内地保护水平。,,,,,
P009,CN_OUTBOUND_Art5_004,CN_PIPL_Art40_001,促进和规范数据跨境流动规定,个人信息保护法,AI裁决不一致; 高频,高,57,MO->CN:19; HK->CN:17; CN->HK:11; CN->MO:10,left_suppresses_right:43; right_suppresses_left:13; exclude_left:1,义务与许可:24; 一般与例外:22; 强制与可选:8; 义务与豁免:1; 强制与豁免:1; 许可与禁止:1,lex_specialis:37; lex_superior:19; contextual:1,GBAMC-DRAFT-0246,Art40针对关键信息基础设施运营者或达到规定数量的处理者，强制要求安全评估，属于特别规定；Art5的豁免仅适用于非CIIO且未达数量门槛的情形，本案涉及敏感个人信息且数量可能超限，故Art40优先。,,,,,
P010,CN_OUTBOUND_Art5_004,CN_OUTBOUND_Art7_002,促进和规范数据跨境流动规定,促进和规范数据跨境流动规定,同法内关系; AI裁决不一致; 高频,高,50,MO->CN:22; HK->CN:15; CN->HK:8; CN->MO:5,right_suppresses_left:39; left_suppresses_right:9; exclude_left:2,一般与例外:22; 许可与禁止:19; 义务与许可:7; 强制与可选:1; 义务与禁止:1,lex_specialis:46; contextual:4,GBAMC-DRAFT-0256,数据含敏感个人信息（医疗健康），不适用Art5免予申报情形，应适用Art7关于敏感个人信息1万人以上需安全评估的规定。Art5仅适用于不含敏感个人信息的情形。,,,,,
P011,CN_GBA_HK_GUIDE_Art4,CN_PIPL_Art39_001,粤港澳大湾区（内地、香港）个人信息跨境流动标准合同实施指引,个人信息保护法,跨法域; GBA指引相关; AI裁决不一致; 高频,高,45,HK->CN:42; CN->HK:3,left_suppresses_right:30; exclude_left:8; right_suppresses_left:6; exclude_right:1,义务与许可:29; 并行义务:8; 一般与例外:5; 强制与可选:1; 义务与义务:1; 一般与特别（GBA指引为特别机制）:1,lex_specialis:23; contextual:12; lex_superior:10,GBAMC-DRAFT-0248,GBA指引第4条要求按属地法律告知同意，与PIPL第39条实质一致，非冲突，仅需同时满足。,,,,,
P012,CN_PIPL_Art39_001,HK_PDPO_DPP3_001,个人信息保护法,香港《个人资料（私隐）条例》,跨法域; AI裁决不一致; 高频,高,44,HK->CN:44,left_suppresses_right:28; exclude_left:11; right_suppresses_left:5,义务与许可:36; 义务与义务:4; 义务与义务（同意标准不一致）:2; 义务与义务（同意标准差异）:1; 义务与义务（并行但要求不同）:1,contextual:44,GBAMC-DRAFT-0004,香港PDPO要求订明同意（具体明确），内地PIPL要求单独同意（可概括）。两法域均需遵守，但香港同意标准更严格，在港收集时须满足，内地接收方仍须按内地法取得单独同意，二者不互斥但需并行满足。,,,,,
P013,CN_GBA_MO_GUIDE_Art2,CN_PIPL_Art40_001,粤港澳大湾区（内地、澳门）个人信息跨境流动标准合同实施指引,个人信息保护法,跨法域; GBA指引相关; AI裁决不一致; 高频,高,41,CN->MO:29; MO->CN:12,left_suppresses_right:23; right_suppresses_left:18,一般与例外:18; 义务与许可:12; 强制与可选:8; 许可与禁止:2; 一般与特别:1,lex_specialis:28; lex_superior:11; contextual:2,GBAMC-DRAFT-0122-FLIP-CN-MO,PIPL第40条为法律层级，要求处理者达到规定数量时须通过安全评估；GBA指引为部门规范性文件，属可选机制。本案涉及32418人且含敏感信息，超过1万人敏感信息门槛，必须适用PIPL第40条安全评估，不能仅依赖GBA标准合同。,,,,,
P014,CN_PIPL_Art38_001,MO_PDPA_Art19_001,个人信息保护法,澳门《个人资料保护法》,跨法域; AI裁决不一致; 高频,高,41,MO->CN:40; CN->MO:1,left_suppresses_right:38; exclude_left:2; right_suppresses_left:1,义务与许可:27; 一般与例外:9; 义务与义务:2; 义务与义务（许可条件不同）:2; 义务与义务（一般与例外）:1,contextual:41,GBAMC-DRAFT-0158-FLIP-CN-MO,澳门PDPA第19条要求接收地法律体系确保适当保护，内地PIPL第38条提供安全评估/认证/标准合同等具体路径。两者非直接排斥，澳门法未禁止转移，内地法提供合规机制，故澳门法不构成额外禁止，应适用内地出境程序。,,,,,
P015,CN_GBA_HK_GUIDE_Art2,CN_PIPL_Art40_001,粤港澳大湾区（内地、香港）个人信息跨境流动标准合同实施指引,个人信息保护法,跨法域; GBA指引相关; AI裁决不一致,高,39,HK->CN:29; CN->HK:10,left_suppresses_right:26; right_suppresses_left:13,一般与例外:21; 强制与可选:8; 义务与许可:6; 许可与禁止:4,lex_superior:22; lex_specialis:17,GBAMC-DRAFT-0245,若处理者属CIIO或达到网信部门规定数量，则必须通过安全评估，PIPL作为法律效力高于部门指引，GBA标准合同不能替代安全评估义务。,,,,,
P016,CN_PIPL_Art38_001,HK_PDPO_S33_NOTE,个人信息保护法,香港《个人资料（私隐）条例》,跨法域; AI裁决不一致,高,37,HK->CN:37,exclude_left:31; left_suppresses_right:4; right_suppresses_left:2,义务与许可:20; 一般与例外:15; 制度衔接:1; 许可与禁止:1,contextual:37,GBAMC-DRAFT-0000,香港第33条尚未生效，不构成实际义务；内地PIPL第38条为现行有效出境条件，二者不存在真实冲突，排除未生效规则。,,,,,
P017,CN_GBA_MO_GUIDE_Art2,CN_OUTBOUND_Art8_001,粤港澳大湾区（内地、澳门）个人信息跨境流动标准合同实施指引,促进和规范数据跨境流动规定,跨法域; GBA指引相关; AI裁决不一致,高,29,CN->MO:22; MO->CN:7,right_suppresses_left:17; left_suppresses_right:12,一般与例外:20; 强制与可选:4; 义务与许可:3; 一般与特别:1; 许可与禁止:1,lex_specialis:29,GBAMC-DRAFT-0121-FLIP-CN-MO,GBA标准合同指引为内地与澳门间数据流动提供了专门通道，其适用条件（注册于大湾区）已满足，应取代一般出境标准合同或认证要求。数据量虽超1万人敏感信息，但GBA指引未设此门槛，故不构成冲突。,,,,,
P018,CN_GBA_MO_GUIDE_Art2,MO_PDPA_Art19_002,粤港澳大湾区（内地、澳门）个人信息跨境流动标准合同实施指引,澳门《个人资料保护法》,跨法域; GBA指引相关; AI裁决不一致,高,26,MO->CN:21; CN->MO:5,right_suppresses_left:16; left_suppresses_right:10,义务与许可:13; 一般与例外:13,lex_specialis:20; contextual:6,GBAMC-DRAFT-0151-FLIP-CN-MO,澳门法在接收地保护不足时需个案审批，但GBA标准合同机制已获两地监管认可，视为对内地保护水平的肯定，无需再个案审批，故指引优先。,,,,,
P019,CN_OUTBOUND_Art5_004,CN_PIPL_Art38_001,促进和规范数据跨境流动规定,个人信息保护法,AI裁决不一致,高,22,MO->CN:10; CN->HK:8; HK->CN:4,right_suppresses_left:14; left_suppresses_right:8,一般与例外:13; 义务与许可:6; 许可与禁止:2; 强制与可选:1,lex_specialis:21; lex_superior:1,GBAMC-DRAFT-0247,Art5_004为出境规则中针对低量（<10万人非敏感）的豁免，属Art38一般条件的例外，本案含敏感信息不适用豁免，但规则间存在一般与例外关系，需优先适用特别规定判断。,,,,,
P020,CN_GBA_HK_GUIDE_Art2,CN_OUTBOUND_Art8_001,粤港澳大湾区（内地、香港）个人信息跨境流动标准合同实施指引,促进和规范数据跨境流动规定,跨法域; GBA指引相关; AI裁决不一致,高,22,HK->CN:12; CN->HK:10,left_suppresses_right:12; right_suppresses_left:10,一般与例外:15; 强制与可选:6; 一般与特别:1,lex_specialis:21; lex_superior:1,GBAMC-DRAFT-0252,GBA指引提供替代性合规路径，当适用该指引时，可免于按出境规定第8条订立标准合同或认证，但需满足指引全部条件。,,,,,
P021,CN_OUTBOUND_Art7_002,CN_OUTBOUND_Art8_001,促进和规范数据跨境流动规定,促进和规范数据跨境流动规定,同法内关系; AI裁决不一致,高,21,HK->CN:11; CN->HK:5; MO->CN:5,left_suppresses_right:13; right_suppresses_left:7; exclude_left:1,义务与许可:8; 一般与例外:7; 强制与可选:6,lex_specialis:19; contextual:2,GBAMC-DRAFT-0253,本案含敏感个人信息且超1万人，触发Art7_002安全评估要求，Art8_001标准合同路径不适用，因敏感信息超1万人门槛。,,,,,
P022,CN_OUTBOUND_Art5_004,CN_OUTBOUND_Art8_001,促进和规范数据跨境流动规定,促进和规范数据跨境流动规定,同法内关系; AI裁决不一致,高,14,HK->CN:8; CN->HK:3; MO->CN:3,right_suppresses_left:9; left_suppresses_right:3; exclude_left:2,一般与例外:11; 义务与许可:2; 许可与禁止:1,lex_specialis:13; contextual:1,GBAMC-DRAFT-0284,Art5_004豁免不适用于敏感个人信息，本操作涉及敏感个人信息，故应适用Art8_001关于敏感个人信息出境的标准合同或认证要求。,,,,,
P023,CN_OUTBOUND_Art7_002,MO_PDPA_Art19_001,促进和规范数据跨境流动规定,澳门《个人资料保护法》,跨法域; AI裁决不一致,高,14,MO->CN:14,left_suppresses_right:12; exclude_left:2,义务与许可:11; 义务与义务:2; 义务与义务（许可条件不同）:1,contextual:14,GBAMC-DRAFT-0146,澳门法要求接收地有适当保护或当局个案批准，而内地法要求安全评估。两者均为强制前置程序，但澳门法未认可内地安全评估为充分保护，需个案判断，故澳门义务优先适用。,,,,,
P024,CN_GBA_HK_GUIDE_Art4,HK_PDPO_DPP3_001,粤港澳大湾区（内地、香港）个人信息跨境流动标准合同实施指引,香港《个人资料（私隐）条例》,跨法域; GBA指引相关; AI裁决不一致,高,13,HK->CN:11; CN->HK:2,left_suppresses_right:8; exclude_right:4; exclude_left:1,义务与许可:12; 并行义务:1,contextual:13,GBAMC-DRAFT-0243,GBA指引要求跨境提供前取得个人同意，而香港DPP3允许在收集目的范围内使用资料。但操作中数据用于药物警戒，属于新目的，需取得同意，GBA指引的同意要求更严格，应优先适用。,,,,,
P025,CN_GDHMD_001,MO_PDPA_Art20_001,广东省健康医疗数据安全分类分级管理技术规范,澳门《个人资料保护法》,跨法域,中,13,MO->CN:13,right_suppresses_left:13,许可与禁止:13,lex_specialis:11; contextual:2,GBAMC-DRAFT-0122,澳门法允许经同意转移，但内地基因数据属4级，跨境需国家审批和匿名化，澳门同意例外不能豁免内地审批义务。,,,,,
P026,CN_GBA_MO_GUIDE_Art4,CN_PIPL_Art39_001,粤港澳大湾区（内地、澳门）个人信息跨境流动标准合同实施指引,个人信息保护法,跨法域; GBA指引相关; AI裁决不一致,高,11,CN->MO:9; MO->CN:2,left_suppresses_right:8; exclude_left:3,义务与许可:8; 并行义务:3,lex_specialis:6; contextual:3; lex_superior:2,GBAMC-DRAFT-0134-FLIP-CN-MO,GBA指引第4条要求按属地法律告知或取得同意，与PIPL第39条单独同意要求并行不悖，但GBA作为特别规定，其属地法律要求优先于PIPL一般规定。,,,,,
P027,CN_PIPL_Art39_001,MO_PDPA_Art20_001,个人信息保护法,澳门《个人资料保护法》,跨法域; AI裁决不一致,高,10,MO->CN:7; CN->MO:3,left_suppresses_right:9; exclude_left:1,义务与许可:5; 一般与例外:2; 许可与禁止:1; 例外与一般义务:1; 许可与义务:1,contextual:10,GBAMC-DRAFT-0161-FLIP-CN-MO,澳门PDPA第20条允许在资料当事人明确同意等例外下向无‘适当保护’地区转移，但内地PIPL第39条要求单独同意且需告知境外接收方信息。两者虽都涉及同意，但澳门例外条款可能允许在未满足内地全部告知义务时转移，而内地规则强制要求告知，构成义务冲突。,,,,,
P028,CN_GBA_MO_GUIDE_Art2,MO_PDPA_Art20_001,粤港澳大湾区（内地、澳门）个人信息跨境流动标准合同实施指引,澳门《个人资料保护法》,跨法域; GBA指引相关; AI裁决不一致,高,9,MO->CN:7; CN->MO:2,left_suppresses_right:4; right_suppresses_left:4; exclude_right:1,一般与例外:6; 许可与禁止:2; 义务与许可:1,lex_specialis:8; contextual:1,GBAMC-DRAFT-0135-FLIP-CN-MO,GBA指引作为专门便利机制，明确排除重要数据（含基因数据）跨境，而澳门法第20条允许经同意转移至无足够保护地。因基因数据属重要数据，GBA指引的禁止性规定优先，澳门法例外不适用。,,,,,
P029,CN_GBA_MO_GUIDE_Art4,MO_PDPA_Art20_001,粤港澳大湾区（内地、澳门）个人信息跨境流动标准合同实施指引,澳门《个人资料保护法》,跨法域; GBA指引相关; AI裁决不一致,高,9,CN->MO:6; MO->CN:3,left_suppresses_right:8; right_suppresses_left:1,义务与许可:7; 禁止与许可:1; 一般与例外:1,contextual:5; lex_specialis:4,GBAMC-DRAFT-0136-FLIP-CN-MO,GBA指引第4条要求按属地法律告知并取得同意，澳门PDPA第20条亦以明确同意为转移前提。两者义务一致，不构成实质冲突，但指引作为专门机制，其程序要求（如备案）需同时满足。,,,,,
P030,CN_GDHMD_001,MO_PDPA_Art19_001,广东省健康医疗数据安全分类分级管理技术规范,澳门《个人资料保护法》,跨法域; AI裁决不一致,高,7,CN->MO:4; MO->CN:3,left_suppresses_right:5; right_suppresses_left:2,义务与许可:6; 许可与禁止:1,contextual:6; lex_specialis:1,GBAMC-DRAFT-0135-FLIP-CN-MO,内地规范要求基因数据跨境需国家审批和匿名化，澳门法仅要求接收地足够保护。因数据源自内地（虽从澳门转出），内地对基因数据的特殊管控义务优先，澳门一般原则不构成许可。,,,,,
P031,CN_GDHMD_001,CN_OUTBOUND_Art7_002,广东省健康医疗数据安全分类分级管理技术规范,促进和规范数据跨境流动规定,,中,7,HK->CN:4; MO->CN:3,left_suppresses_right:7,义务与许可:6; 一般与例外:1,lex_specialis:7,GBAMC-DRAFT-0126,GDHMD要求基因测序数据跨境需国家审批和匿名化，而数据出境规定要求安全评估，两者均为强制义务，但GDHMD更具体，需先满足其审批要求。,,,,,
P032,CN_PIPL_Art38_001,MO_PDPA_Art20_001,个人信息保护法,澳门《个人资料保护法》,跨法域; AI裁决不一致,高,7,MO->CN:7,right_suppresses_left:6; exclude_left:1,许可与禁止:6; 一般与例外:1,contextual:7,GBAMC-DRAFT-0127,澳门法允许经同意向无充分保护地区转移，但内地法要求出境须具备安全评估、认证或标准合同等条件，且基因数据属重要数据，不得仅凭同意出境，内地法作为接收地法优先适用。,,,,,
P033,CN_PIPL_Art40_001,MO_PDPA_Art20_001,个人信息保护法,澳门《个人资料保护法》,跨法域; AI裁决不一致,高,6,MO->CN:4; CN->MO:2,left_suppresses_right:3; right_suppresses_left:3,许可与禁止:4; 义务与许可:2,contextual:6,GBAMC-DRAFT-0234-FLIP-CN-MO,内地法对敏感个人信息出境强制要求安全评估，而澳门法允许基于明确同意的例外转移。因数据含基因测序（重要数据），GBA标准合同不适用，内地安全评估为强制性前置条件，澳门同意例外不能免除该义务。,,,,,
P034,CN_OUTBOUND_Art7_002,MO_PDPA_Art19_002,促进和规范数据跨境流动规定,澳门《个人资料保护法》,跨法域,中,6,MO->CN:5; CN->MO:1,left_suppresses_right:6,一般与例外:3; 义务与许可:2; 强制评估与个案决定:1,contextual:6,GBAMC-DRAFT-0401-FLIP-CN-MO,内地安全评估是出境前置条件，澳门当局在评估后仍可依个案审查，但内地评估通过不排除澳门审查，两者非直接冲突，内地规则在出境环节优先适用。,,,,,
P035,CN_PIPL_Art40_001,HK_PDPO_S33_NOTE,个人信息保护法,香港《个人资料（私隐）条例》,跨法域; AI裁决不一致,高,6,HK->CN:6,exclude_left:3; right_suppresses_left:2; left_suppresses_right:1,义务与许可:4; 一般与例外:2,contextual:6,GBAMC-DRAFT-0020,香港第33条未生效，不构成跨境禁止义务；内地PIPL第40条要求安全评估，但该操作非CIIO且数量未达门槛，故不冲突，仅需按PIPL第38条选择合法路径。,,,,,
P036,CN_GBA_HK_GUIDE_Art5,CN_OUTBOUND_Art7_002,粤港澳大湾区（内地、香港）个人信息跨境流动标准合同实施指引,促进和规范数据跨境流动规定,跨法域; GBA指引相关,中,6,HK->CN:6,right_suppresses_left:6,一般与例外:4; 许可与禁止:1; 许可与禁止（合规路径冲突）:1,lex_specialis:6,GBAMC-DRAFT-0055,GBA指引要求PIA，但数据量超1万人敏感信息，依出境规定需安全评估，此为特别程序，故出境规定优先。,,,,,
P037,CN_OUTBOUND_Art7_002,CN_PIPL_Art40_001,促进和规范数据跨境流动规定,个人信息保护法,AI裁决不一致,高,5,CN->HK:3; MO->CN:2,left_suppresses_right:3; right_suppresses_left:2,一般与例外:3; 义务与许可:1; 强制与可选:1,lex_superior:3; lex_specialis:2,GBAMC-DRAFT-0247,Art40针对CIIO或达量处理者，Art7_002为具体数量门槛（1万敏感）触发安全评估，属细化执行，本案13830条敏感数据可能触发Art7_002，故以特别规定为准。,,,,,
P038,CN_GDHMD_001,CN_OUTBOUND_Art5_004,广东省健康医疗数据安全分类分级管理技术规范,促进和规范数据跨境流动规定,AI裁决不一致,高,4,HK->CN:2; CN->MO:1; MO->CN:1,left_suppresses_right:3; right_suppresses_left:1,禁止与豁免:2; 一般与例外:1; 许可与禁止:1,lex_specialis:4,GBAMC-DRAFT-0392-FLIP-CN-MO,基因测序数据属4级敏感数据，行业规范明确要求国家审批，排除出境豁免适用。,,,,,
P039,CN_GBA_MO_GUIDE_Art7,MO_PDPA_Art19_001,粤港澳大湾区（内地、澳门）个人信息跨境流动标准合同实施指引,澳门《个人资料保护法》,跨法域; GBA指引相关; AI裁决不一致,高,4,CN->MO:3; MO->CN:1,left_suppresses_right:3; right_suppresses_left:1,义务与许可:4,lex_specialis:4,GBAMC-DRAFT-0408-FLIP-CN-MO,GBA标准合同实施指引作为粤港澳大湾区跨境数据流动的特别机制，已通过备案程序替代澳门PDPA第19条的一般性适当保护评估要求，属于特别法优于一般法。,,,,,
P040,CN_PIPL_Art40_001,MO_PDPA_Art19_001,个人信息保护法,澳门《个人资料保护法》,跨法域; AI裁决不一致,高,4,MO->CN:4,left_suppresses_right:3; right_suppresses_left:1,义务与许可:3; 义务与义务:1,contextual:3; lex_specialis:1,GBAMC-DRAFT-0132,澳门法要求确保接收地适当保护，内地法对达到数量阈值的数据处理者强制安全评估，但澳门法未禁止转移，仅要求个案审查，两者不构成直接排斥，澳门法作为来源地法优先适用。,,,,,
P041,CN_OUTBOUND_Art7_002,MO_PDPA_Art20_001,促进和规范数据跨境流动规定,澳门《个人资料保护法》,跨法域; AI裁决不一致,高,4,MO->CN:4,right_suppresses_left:2; left_suppresses_right:1; exclude_left:1,许可与强制:2; 许可与义务:1; 例外与强制:1,contextual:3; lex_specialis:1,GBAMC-DRAFT-0146,若取得当事人明确同意，澳门法允许向无充分保护地区转移，但内地法仍要求安全评估（因敏感数据超1万人），两者冲突。澳门例外不能免除内地法义务，但澳门法作为来源地法律，其同意例外可满足澳门要求，内地法仍须遵守，故澳门法不压制内地法，实际需同时满足。,,,,,
P042,CN_OUTBOUND_Art7_002,CN_PIPL_Art38_001,促进和规范数据跨境流动规定,个人信息保护法,,低,4,HK->CN:3; MO->CN:1,right_suppresses_left:4,一般与例外:4,lex_specialis:4,GBAMC-DRAFT-0233,涉及1万人以上敏感个人信息（基因数据属敏感），触发强制安全评估，作为PIPL第38条的特别情形优先适用。,,,,,
P043,CN_GBA_HK_GUIDE_Art2,HK_PDPO_S33_NOTE,粤港澳大湾区（内地、香港）个人信息跨境流动标准合同实施指引,香港《个人资料（私隐）条例》,跨法域; GBA指引相关; AI裁决不一致,高,4,HK->CN:4,exclude_left:2; left_suppresses_right:1; right_suppresses_left:1,一般与例外:3; 义务与许可:1,contextual:4,GBAMC-DRAFT-0015,香港第33条未生效，不构成实际义务；GBA指引为有效便利机制，二者无实质冲突，排除未生效规则。,,,,,
P044,CN_OUTBOUND_Art7_002,HK_PDPO_DPP3_001,促进和规范数据跨境流动规定,香港《个人资料（私隐）条例》,跨法域; AI裁决不一致,高,4,HK->CN:4,left_suppresses_right:2; exclude_left:1; right_suppresses_left:1,义务与许可:3; 义务与义务:1,contextual:4,GBAMC-DRAFT-0031,香港PDPO第3原则要求资料用于原收集目的或直接相关用途，而内地出境安全评估要求可能改变处理目的（如AI训练），两者在目的限制上存在实质冲突，需优先满足香港原意同意要求。,,,,,
P045,CN_GBA_HK_GUIDE_Art8,CN_OUTBOUND_Art7_002,粤港澳大湾区（内地、香港）个人信息跨境流动标准合同实施指引,促进和规范数据跨境流动规定,跨法域; GBA指引相关,低,4,HK->CN:4,right_suppresses_left:4,强制与可选:2; 许可与禁止:1; 一般与例外:1,lex_specialis:4,GBAMC-DRAFT-0100,GBA指引Art8仅要求备案，但Art7_002要求安全评估，两者程序义务冲突，因基因数据属重要数据，安全评估优先。,,,,,
P046,CN_PIPL_Art39_001,HK_PDPO_DPP1_003,个人信息保护法,香港《个人资料（私隐）条例》,跨法域; AI裁决不一致,高,3,CN->HK:2; HK->CN:1,left_suppresses_right:2; exclude_left:1,义务与许可:2; 并行义务:1,contextual:2; lex_specialis:1,GBAMC-DRAFT-0246,两规则均要求告知和同意，但分属不同法域，内地法要求单独同意，香港法要求告知，二者不矛盾，可同时履行，无需排除。,,,,,
P047,CN_GBA_MO_GUIDE_Art4,MO_PDPA_Art19_001,粤港澳大湾区（内地、澳门）个人信息跨境流动标准合同实施指引,澳门《个人资料保护法》,跨法域; GBA指引相关,低,3,CN->MO:3,left_suppresses_right:3,义务与许可:3,contextual:3,GBAMC-DRAFT-0133-FLIP-CN-MO,GBA指引要求按属地法律取得同意，澳门个保法第19条要求接收地有适当保护，内地法律体系已提供保护，且指引的同意要求与澳门第20条例外（明确同意）兼容，不构成实质冲突。,,,,,
P048,CN_GBA_MO_GUIDE_Art2,CN_OUTBOUND_Art5_004,粤港澳大湾区（内地、澳门）个人信息跨境流动标准合同实施指引,促进和规范数据跨境流动规定,跨法域; GBA指引相关; AI裁决不一致,高,3,CN->MO:3,left_suppresses_right:1; exclude_left:1; right_suppresses_left:1,许可与禁止:2; 许可与义务:1,lex_specialis:2; contextual:1,GBAMC-DRAFT-0155-FLIP-CN-MO,Art5_004规定累计向境外提供不满10万人个人信息（不含敏感）可免于申报、标准合同和认证。但本案含基因测序等敏感个人信息，不适用该豁免，故GBA指引的标准合同义务仍适用，二者不构成实质冲突。,,,,,
P049,CN_GBA_MO_GUIDE_Art7,MO_PDPA_Art20_001,粤港澳大湾区（内地、澳门）个人信息跨境流动标准合同实施指引,澳门《个人资料保护法》,跨法域; GBA指引相关,低,3,CN->MO:3,left_suppresses_right:3,义务与许可:3,lex_specialis:2; contextual:1,GBAMC-DRAFT-0159-FLIP-CN-MO,澳门法允许在明确同意后向低保护地区转移，但要求通知当局；GBA指引要求备案。两者程序义务并存，但澳门法未豁免内地合规，故澳门法不排斥GBA备案义务，仅增加通知要求，不构成实质冲突。,,,,,
P050,CN_GBA_MO_GUIDE_Art7,MO_PDPA_Art19_002,粤港澳大湾区（内地、澳门）个人信息跨境流动标准合同实施指引,澳门《个人资料保护法》,跨法域; GBA指引相关,低,3,CN->MO:2; MO->CN:1,left_suppresses_right:3,强制与可选:3,lex_specialis:2; contextual:1,GBAMC-DRAFT-0168-FLIP-CN-MO,GBA标准合同指引明确规定了备案要求，属于特别程序，应优先于澳门PDPA的一般个案审查机制。,,,,,
P051,CN_OUTBOUND_Art5_004,MO_PDPA_Art19_001,促进和规范数据跨境流动规定,澳门《个人资料保护法》,跨法域; AI裁决不一致,高,3,MO->CN:2; CN->MO:1,left_suppresses_right:2; right_suppresses_left:1,义务与许可:2; 许可与禁止:1,contextual:3,GBAMC-DRAFT-0405-FLIP-CN-MO,内地规定免予安全评估等程序，但澳门要求接收地法律体系确保适当保护。因GBA标准合同机制已获两地认可，视为满足适当保护要求，故内地豁免不构成对澳门义务的违反。,,,,,
P052,CN_GBA_HK_GUIDE_Art8,CN_PIPL_Art38_001,粤港澳大湾区（内地、香港）个人信息跨境流动标准合同实施指引,个人信息保护法,跨法域; GBA指引相关,低,3,HK->CN:3,left_suppresses_right:3,强制与可选:2; 一般与例外:1,lex_specialis:3,GBAMC-DRAFT-0048,GBA标准合同备案是特定机制下的强制要求，而PIPL第38条提供多种合规路径。在采用GBA标准合同时，备案义务取代一般出境评估或认证，故GBA指引优先。,,,,,
P053,CN_GDHMD_008,CN_GDHMD_023,广东省健康医疗数据安全分类分级管理技术规范,广东省健康医疗数据安全分类分级管理技术规范,同法内关系,低,2,CN->MO:2,exclude_left:2,并行义务:2,none:1; contextual:1,GBAMC-DRAFT-0461-FLIP-CN-MO,两项规范分别针对不同数据类型（检验检查报告与生命体征），不构成同一操作上的冲突，仅需同时遵守。,,,,,
P054,CN_GBA_MO_GUIDE_Art7,CN_GDHMD_001,粤港澳大湾区（内地、澳门）个人信息跨境流动标准合同实施指引,广东省健康医疗数据安全分类分级管理技术规范,跨法域; GBA指引相关,低,2,CN->MO:1; MO->CN:1,left_suppresses_right:2,义务与许可:2,lex_specialis:2,GBAMC-DRAFT-0473-FLIP-CN-MO,基因数据跨境需国家审批，GBA指引的10个工作日备案程序不能替代审批，二者义务冲突，特别规范要求更严格审批程序。,,,,,
P055,CN_PIPL_Art40_001,HK_PDPO_DPP3_001,个人信息保护法,香港《个人资料（私隐）条例》,跨法域,低,2,HK->CN:2,left_suppresses_right:2,义务与义务:1; 义务与许可:1,contextual:2,GBAMC-DRAFT-0027,香港PDPO第33条未生效，跨境移转仅受保障资料原则规管，不构成与内地安全评估要求的直接冲突；但内地PIPL第40条对达到规定数量的处理者强制境内存储，与香港允许在保障原则下移转存在制度性张力，需通过GBA机制协调。,,,,,
P056,CN_PIPL_Art38_001,HK_PDPO_DPP3_001,个人信息保护法,香港《个人资料（私隐）条例》,跨法域; AI裁决不一致,高,2,HK->CN:2,left_suppresses_right:1; right_suppresses_left:1,义务与许可:2,contextual:2,GBAMC-DRAFT-0510,香港DPP3要求收集目的内的使用限制，而内地PIPL第38条提供多种出境合法路径。香港法不禁止跨境转移，仅要求目的限制，内地路径选择不构成对香港义务的排斥，香港义务优先适用。,,,,,
P057,CN_GDHMD_008,CN_PIPL_Art28_008,广东省健康医疗数据安全分类分级管理技术规范,个人信息保护法,,低,1,CN->HK:1,left_suppresses_right:1,义务与许可:1,lex_specialis:1,GBAMC-DRAFT-0323,GDHMD为广东省健康医疗数据专门规范，对检验检查报告要求假名化ID和水印，属于更具体的技术措施；PIPL第28条仅原则性规定敏感信息保护。特别规范应优先适用，故GDHMD要求必须执行。,,,,,
P058,CN_GBA_HK_GUIDE_Art5,CN_PIPL_Art28_008,粤港澳大湾区（内地、香港）个人信息跨境流动标准合同实施指引,个人信息保护法,跨法域; GBA指引相关,低,1,CN->HK:1,exclude_left:1,并行义务:1,contextual:1,GBAMC-DRAFT-0339,Art28要求敏感信息保护，GBA指引要求影响评估，两者并行不矛盾。但Art28作为一般法，GBA指引作为特别法，不影响各自适用，无冲突。,,,,,
P059,CN_GDHMD_001,MO_PDPA_Art19_002,广东省健康医疗数据安全分类分级管理技术规范,澳门《个人资料保护法》,跨法域,低,1,CN->MO:1,left_suppresses_right:1,许可与禁止:1,contextual:1,GBAMC-DRAFT-0154-FLIP-CN-MO,澳门作为数据来源地，其PDPA第19条是跨境转移的准据法；内地GDHMD规范仅约束内地处理者，不直接限制澳门向内地传输，故澳门法优先。,,,,,
P060,MO_PDPA_Art19_002,MO_PDPA_Art20_001,澳门《个人资料保护法》,澳门《个人资料保护法》,同法内关系,低,1,CN->MO:1,right_suppresses_left:1,一般与例外:1,lex_specialis:1,GBAMC-DRAFT-0169-FLIP-CN-MO,Art19.2要求个案批准，Art20允许在特定条件下不经批准转移，例外条款更具体。,,,,,
P061,CN_GBA_MO_GUIDE_Art2,CN_GDHMD_003,粤港澳大湾区（内地、澳门）个人信息跨境流动标准合同实施指引,广东省健康医疗数据安全分类分级管理技术规范,跨法域; GBA指引相关,低,1,CN->MO:1,exclude_right:1,许可与禁止:1,contextual:1,GBAMC-DRAFT-0406-FLIP-CN-MO,操作数据含医保编号等4级数据，GBA指引明确排除重要数据，而GDHMD将此类数据定为4级，可能构成重要数据，故GBA标准合同不适用。,,,,,
P062,CN_GBA_MO_GUIDE_Art2,CN_GDHMD_008,粤港澳大湾区（内地、澳门）个人信息跨境流动标准合同实施指引,广东省健康医疗数据安全分类分级管理技术规范,跨法域; GBA指引相关,低,1,CN->MO:1,left_suppresses_right:1,强制与可选:1,lex_specialis:1,GBAMC-DRAFT-0425-FLIP-CN-MO,GDHMD作为健康医疗数据专门规范，对检验检查报告提出假名化等强制技术要求，GBA指引未涉及技术细节，故在传输前须满足GDHMD要求。,,,,,
P063,CN_GBA_MO_GUIDE_Art2,CN_GDHMD_023,粤港澳大湾区（内地、澳门）个人信息跨境流动标准合同实施指引,广东省健康医疗数据安全分类分级管理技术规范,跨法域; GBA指引相关,低,1,CN->MO:1,left_suppresses_right:1,强制与可选:1,lex_specialis:1,GBAMC-DRAFT-0425-FLIP-CN-MO,GDHMD对生命体征数据跨境远程监护要求DTLS 1.3加密，属于强制性技术标准，GBA指引未规定传输安全措施，故须叠加适用。,,,,,
P064,CN_OUTBOUND_Art5_004,CN_PIPL_Art39_001,促进和规范数据跨境流动规定,个人信息保护法,,低,1,MO->CN:1,left_suppresses_right:1,义务与许可:1,contextual:1,GBAMC-DRAFT-0151,PIPL要求单独同意，免评估规则不豁免告知同意义务，且本案数据量超10万，不满足豁免条件，故同意义务仍适用。,,,,,
P065,CN_GDHMD_001,CN_OUTBOUND_Art8_001,广东省健康医疗数据安全分类分级管理技术规范,促进和规范数据跨境流动规定,,低,1,MO->CN:1,left_suppresses_right:1,禁止与许可:1,lex_specialis:1,GBAMC-DRAFT-0210,广东省健康医疗数据规范明确基因测序数据跨境需国家审批，而《促进和规范数据跨境流动规定》第8条仅要求标准合同或认证。作为地方专门规范，其更严格的要求应优先，排除一般出境机制。,,,,,
P066,CN_GBA_MO_GUIDE_Art4,CN_GDHMD_001,粤港澳大湾区（内地、澳门）个人信息跨境流动标准合同实施指引,广东省健康医疗数据安全分类分级管理技术规范,跨法域; GBA指引相关,低,1,MO->CN:1,right_suppresses_left:1,许可与禁止:1,lex_specialis:1,GBAMC-DRAFT-0378,GBA标准合同指引不适用于重要数据，基因数据跨境需国家审批，故指引的告知同意程序不足以满足要求，需按广东省规范执行国家审批。,,,,,
P067,CN_GBA_MO_GUIDE_Art7,CN_PIPL_Art38_001,粤港澳大湾区（内地、澳门）个人信息跨境流动标准合同实施指引,个人信息保护法,跨法域; GBA指引相关,低,1,MO->CN:1,right_suppresses_left:1,一般与例外:1,lex_specialis:1,GBAMC-DRAFT-0388,GBA标准合同指引是内地出境规则的特殊便利机制，但操作中未明确选择该路径，且指引要求备案，而PIPL第38条提供多种条件。若适用GBA指引，则其备案义务取代一般出境评估/认证要求，但需以选择该机制为前提，故一般规则优先。,,,,,
P068,CN_GDHMD_008,CN_OUTBOUND_Art5_004,广东省健康医疗数据安全分类分级管理技术规范,促进和规范数据跨境流动规定,,低,1,MO->CN:1,left_suppresses_right:1,义务与许可:1,lex_specialis:1,GBAMC-DRAFT-0438,广东健康医疗规范要求跨境远程会诊假名化ID和水印，属行业特别规定，出境规定第5条免予评估不豁免行业安全义务，故行业规范优先。,,,,,
P069,CN_GDHMD_023,CN_OUTBOUND_Art5_004,广东省健康医疗数据安全分类分级管理技术规范,促进和规范数据跨境流动规定,,低,1,MO->CN:1,left_suppresses_right:1,义务与许可:1,lex_specialis:1,GBAMC-DRAFT-0438,广东规范要求生命体征跨境传输用DTLS 1.3加密，属技术强制，出境规定免予评估不改变传输安全要求，行业规范优先。,,,,,
P070,CN_GBA_MO_GUIDE_Art7,CN_OUTBOUND_Art8_001,粤港澳大湾区（内地、澳门）个人信息跨境流动标准合同实施指引,促进和规范数据跨境流动规定,跨法域; GBA指引相关,低,1,MO->CN:1,left_suppresses_right:1,义务与义务（备案与标准合同）:1,lex_specialis:1,GBAMC-DRAFT-0458,GBA指引要求向属地网信办备案，而一般出境规则要求订立标准合同或认证。在GBA机制下，备案是特别要求，但若数据量超限，则需按一般规则处理，两者在适用上存在先后。,,,,,
P071,CN_GBA_HK_GUIDE_Art4,CN_OUTBOUND_Art5_004,粤港澳大湾区（内地、香港）个人信息跨境流动标准合同实施指引,促进和规范数据跨境流动规定,跨法域; GBA指引相关,低,1,HK->CN:1,left_suppresses_right:1,一般与例外:1,lex_specialis:1,GBAMC-DRAFT-0029,GBA指引为粤港澳大湾区特殊便利机制，其第4条禁止向区外提供，而《促进和规范数据跨境流动规定》第5条为一般性豁免规则。在GBA标准合同路径下，应优先适用GBA指引的特别限制，不得利用一般豁免规避区外禁止。,,,,,
P072,CN_GDHMD_001,HK_PDPO_DPP3_001,广东省健康医疗数据安全分类分级管理技术规范,香港《个人资料（私隐）条例》,跨法域,低,1,HK->CN:1,right_suppresses_left:1,义务与禁止:1,contextual:1,GBAMC-DRAFT-0070,香港DPP3允许经同意后使用，但内地基因数据跨境需国家审批，属禁止性规定，且数据接收地法律要求优先于来源地一般原则。,,,,,
P073,CN_GBA_HK_GUIDE_Art5,CN_PIPL_Art39_001,粤港澳大湾区（内地、香港）个人信息跨境流动标准合同实施指引,个人信息保护法,跨法域; GBA指引相关,低,1,HK->CN:1,left_suppresses_right:1,义务与许可:1,contextual:1,GBAMC-DRAFT-0080,GBA指引要求影响评估，但PIPL第39条要求单独同意并告知境外接收方信息；两者并行不矛盾，但GBA评估不能替代单独同意，故PIPL第39条作为更具体义务优先。,,,,,
P074,CN_GBA_HK_GUIDE_Art5,HK_PDPO_DPP1_002,粤港澳大湾区（内地、香港）个人信息跨境流动标准合同实施指引,香港《个人资料（私隐）条例》,跨法域; GBA指引相关,低,1,HK->CN:1,left_suppresses_right:1,一般与例外:1,contextual:1,GBAMC-DRAFT-0093,香港PDPO要求收集目的合法且不超适度，AI训练目的需明确；GBA指引要求影响评估。两者并行，但香港法作为来源地法对目的限制更严格，评估不能替代目的合法性审查。,,,,,
P075,CN_GBA_HK_GUIDE_Art4,CN_OUTBOUND_Art7_002,粤港澳大湾区（内地、香港）个人信息跨境流动标准合同实施指引,促进和规范数据跨境流动规定,跨法域; GBA指引相关,低,1,HK->CN:1,right_suppresses_left:1,许可与禁止:1,lex_specialis:1,GBAMC-DRAFT-0100,GBA指引Art4允许通过标准合同跨境，但Art7_002对敏感数据超1万人强制安全评估，且基因数据属重要数据，GBA机制不适用。,,,,,
P076,CN_GBA_HK_GUIDE_Art8,CN_PIPL_Art40_001,粤港澳大湾区（内地、香港）个人信息跨境流动标准合同实施指引,个人信息保护法,跨法域; GBA指引相关,低,1,HK->CN:1,right_suppresses_left:1,义务与许可:1,lex_superior:1,GBAMC-DRAFT-0499,若处理者属CIIO或达规定数量，PIPL要求境内存储及安全评估，GBA备案机制不能替代，PIPL作为上位法优先。,,,,,
P077,CN_GBA_HK_GUIDE_Art8,CN_OUTBOUND_Art8_001,粤港澳大湾区（内地、香港）个人信息跨境流动标准合同实施指引,促进和规范数据跨境流动规定,跨法域; GBA指引相关,低,1,HK->CN:1,left_suppresses_right:1,强制与可选（备案义务）:1,lex_specialis:1,GBAMC-DRAFT-0504,"数据量78,936条（<10万）且含敏感信息，按Art8需标准合同；GBA指引Art8要求备案，但Art8_001为一般法，指引为特别法，特别法备案要求不冲突，但需同时满足。",,,,,
P078,CN_PIPL_Art38_001,CN_PIPL_Art40_001,个人信息保护法,个人信息保护法,同法内关系,低,1,HK->CN:1,left_suppresses_right:1,义务与许可:1,lex_specialis:1,GBAMC-DRAFT-0545,Art40针对关键信息基础设施或达到规定数量的处理者，要求境内存储，属特别规定；Art38为一般出境条件。本案数据量达45万且含敏感信息，应优先适用Art40，禁止直接出境，除非通过安全评估。,,,,,
P079,CN_GDHMD_001,HK_PDPO_DPP1_002,广东省健康医疗数据安全分类分级管理技术规范,香港《个人资料（私隐）条例》,跨法域,低,1,HK->CN:1,right_suppresses_left:1,一般与例外:1,lex_specialis:1,GBAMC-DRAFT-0551,基因测序数据属4级健康数据，内地规范要求跨境需国家审批和匿名化，构成特别限制。香港法收集原则不涉及出境限制，但操作中基因数据出境须遵守内地特别规定。,,,,,
P080,CN_OUTBOUND_Art8_001,CN_PIPL_Art38_001,促进和规范数据跨境流动规定,个人信息保护法,,低,1,HK->CN:1,left_suppresses_right:1,义务与许可:1,lex_superior:1,GBAMC-DRAFT-0592,Art38为法律层级，Art8为部门规定。Art8虽规定10万至100万人可签标准合同，但Art38要求满足四项条件之一，标准合同仅为其中一项，且需符合Art39单独同意等前提，法律效力更高。,,,,,
