query_id,场景,数据属性,源法域,目标法域,操作类型,记录数,时间,风险得分(0-1，可两位小数),风险等级(低/中/高),标注把握度(高/中/低),备注
GBAMC-DRAFT-0343,cn_to_hk_pharmacovigilance,诊断记录（ICD-10）；检验检查数据；基因测序数据；用药记录；不良事件报告,CN,HK,pharmacovigilance,32835,2024-11-29,,,,
GBAMC-DRAFT-0317,cn_to_hk_pharmacovigilance,诊断记录（ICD-10）；检验检查数据；基因测序数据；用药记录；不良事件报告,CN,HK,pharmacovigilance,5891,2024-02-21,,,,
GBAMC-DRAFT-0286,cn_to_hk_pharmacovigilance,诊断记录（ICD-10）；检验检查数据；用药记录；不良事件报告,CN,HK,pharmacovigilance,41585,2024-02-26,,,,
GBAMC-DRAFT-0241,cn_to_hk_pharmacovigilance,诊断记录（ICD-10）；内分泌疾病记录；检验检查数据；用药记录；不良事件报告,CN,HK,pharmacovigilance,12372,2024-04-03,,,,
GBAMC-DRAFT-0297,cn_to_hk_pharmacovigilance,诊断记录（ICD-10）；检验检查数据；基因测序数据；用药记录；不良事件报告,CN,HK,pharmacovigilance,20295,2024-01-30,,,,
GBAMC-DRAFT-0354,cn_to_hk_pharmacovigilance,诊断记录（ICD-10）；孕产记录；检验检查数据；用药记录；不良事件报告,CN,HK,pharmacovigilance,38485,2024-11-16,,,,
GBAMC-DRAFT-0251,cn_to_hk_pharmacovigilance,诊断记录（ICD-10）；检验检查数据；用药记录；不良事件报告,CN,HK,pharmacovigilance,46795,2025-01-28,,,,
GBAMC-DRAFT-0324,cn_to_hk_pharmacovigilance,诊断记录（ICD-10）；检验检查数据；基因测序数据；用药记录；不良事件报告,CN,HK,pharmacovigilance,44771,2024-11-15,,,,
GBAMC-DRAFT-0262,cn_to_hk_pharmacovigilance,诊断记录（ICD-10）；孕产记录；检验检查数据；基因测序数据；用药记录,CN,HK,pharmacovigilance,18975,2024-12-05,,,,
GBAMC-DRAFT-0304,cn_to_hk_pharmacovigilance,诊断记录（ICD-10）；内分泌疾病记录；检验检查数据；用药记录；不良事件报告,CN,HK,pharmacovigilance,17313,2024-11-27,,,,
GBAMC-DRAFT-0344,cn_to_hk_pharmacovigilance,诊断记录（ICD-10）；内分泌疾病记录；检验检查数据；基因测序数据；用药记录,CN,HK,pharmacovigilance,49970,2024-04-30,,,,
GBAMC-DRAFT-0292,cn_to_hk_pharmacovigilance,诊断记录（ICD-10）；检验检查数据；用药记录；不良事件报告,CN,HK,pharmacovigilance,44580,2024-11-26,,,,
GBAMC-DRAFT-0281,cn_to_hk_pharmacovigilance,诊断记录（ICD-10）；检验检查数据；基因测序数据；用药记录；不良事件报告,CN,HK,pharmacovigilance,7624,2024-11-21,,,,
GBAMC-DRAFT-0302,cn_to_hk_pharmacovigilance,诊断记录（ICD-10）；检验检查数据；基因测序数据；用药记录；不良事件报告,CN,HK,pharmacovigilance,46285,2024-10-17,,,,
GBAMC-DRAFT-0272,cn_to_hk_pharmacovigilance,诊断记录（ICD-10）；检验检查数据；用药记录；不良事件报告,CN,HK,pharmacovigilance,1415,2024-08-13,,,,
GBAMC-DRAFT-0257,cn_to_hk_pharmacovigilance,诊断记录（ICD-10）；检验检查数据；用药记录；不良事件报告,CN,HK,pharmacovigilance,8192,2024-12-04,,,,
GBAMC-DRAFT-0312,cn_to_hk_pharmacovigilance,诊断记录（ICD-10）；检验检查数据；用药记录；不良事件报告,CN,HK,pharmacovigilance,36174,2024-10-06,,,,
GBAMC-DRAFT-0337,cn_to_hk_pharmacovigilance,诊断记录（ICD-10）；检验检查数据；用药记录；不良事件报告,CN,HK,pharmacovigilance,6340,2024-07-07,,,,
GBAMC-DRAFT-0274,cn_to_hk_pharmacovigilance,诊断记录（ICD-10）；内分泌疾病记录；检验检查数据；用药记录；不良事件报告,CN,HK,pharmacovigilance,5171,2024-06-03,,,,
GBAMC-DRAFT-0336,cn_to_hk_pharmacovigilance,诊断记录（ICD-10）；检验检查数据；用药记录；不良事件报告,CN,HK,pharmacovigilance,32177,2024-02-07,,,,
GBAMC-DRAFT-0350,cn_to_hk_pharmacovigilance,诊断记录（ICD-10）；检验检查数据；用药记录；不良事件报告,CN,HK,pharmacovigilance,47224,2025-02-03,,,,
GBAMC-DRAFT-0353,cn_to_hk_pharmacovigilance,诊断记录（ICD-10）；检验检查数据；用药记录；不良事件报告,CN,HK,pharmacovigilance,15988,2024-04-08,,,,
GBAMC-DRAFT-0295,cn_to_hk_pharmacovigilance,诊断记录（ICD-10）；内分泌疾病记录；检验检查数据；用药记录；不良事件报告,CN,HK,pharmacovigilance,18667,2024-12-07,,,,
GBAMC-DRAFT-0288,cn_to_hk_pharmacovigilance,诊断记录（ICD-10）；检验检查数据；用药记录；不良事件报告,CN,HK,pharmacovigilance,31858,2024-01-15,,,,
GBAMC-DRAFT-0255,cn_to_hk_pharmacovigilance,诊断记录（ICD-10）；检验检查数据；用药记录；不良事件报告,CN,HK,pharmacovigilance,2735,2024-05-10,,,,
GBAMC-DRAFT-0315,cn_to_hk_pharmacovigilance,诊断记录（ICD-10）；内分泌疾病记录；检验检查数据；用药记录；不良事件报告,CN,HK,pharmacovigilance,14645,2024-09-03,,,,
GBAMC-DRAFT-0308,cn_to_hk_pharmacovigilance,诊断记录（ICD-10）；检验检查数据；基因测序数据；用药记录；不良事件报告,CN,HK,pharmacovigilance,36648,2025-01-26,,,,
GBAMC-DRAFT-0323,cn_to_hk_pharmacovigilance,诊断记录（ICD-10）；孕产记录；检验检查数据；用药记录；不良事件报告,CN,HK,pharmacovigilance,19787,2024-07-23,,,,
GBAMC-DRAFT-0702,cn_to_mo_pharmacovigilance,诊断记录（ICD-10）；检验检查数据；用药记录；不良事件报告,CN,MO,pharmacovigilance,39343,2024-12-13,,,,
GBAMC-DRAFT-0664,cn_to_mo_pharmacovigilance,诊断记录（ICD-10）；检验检查数据；用药记录；不良事件报告,CN,MO,pharmacovigilance,39289,2024-12-25,,,,
GBAMC-DRAFT-0662,cn_to_mo_pharmacovigilance,诊断记录（ICD-10）；检验检查数据；用药记录；不良事件报告,CN,MO,pharmacovigilance,41634,2025-01-20,,,,
GBAMC-DRAFT-0687,cn_to_mo_pharmacovigilance,孕产记录；诊断记录（ICD-10）；检验检查数据；基因测序数据；用药记录,CN,MO,pharmacovigilance,14068,2024-04-27,,,,
GBAMC-DRAFT-0679,cn_to_mo_pharmacovigilance,诊断记录（ICD-10）；内分泌疾病记录；检验检查数据；用药记录；不良事件报告,CN,MO,pharmacovigilance,21165,2024-03-11,,,,
GBAMC-DRAFT-0670,cn_to_mo_pharmacovigilance,诊断记录（ICD-10）；检验检查数据；用药记录；不良事件报告,CN,MO,pharmacovigilance,18661,2024-04-12,,,,
GBAMC-DRAFT-0693,cn_to_mo_pharmacovigilance,诊断记录（ICD-10）；检验检查数据；用药记录；不良事件报告,CN,MO,pharmacovigilance,17470,2024-11-30,,,,
GBAMC-DRAFT-0692,cn_to_mo_pharmacovigilance,诊断记录（ICD-10）；检验检查数据；用药记录；不良事件报告,CN,MO,pharmacovigilance,22774,2024-05-18,,,,
GBAMC-DRAFT-0677,cn_to_mo_pharmacovigilance,诊断记录（ICD-10）；检验检查数据；用药记录；不良事件报告,CN,MO,pharmacovigilance,38001,2024-05-26,,,,
GBAMC-DRAFT-0640,cn_to_mo_pharmacovigilance,诊断记录（ICD-10）；检验检查数据；用药记录；不良事件报告,CN,MO,pharmacovigilance,40003,2024-10-02,,,,
GBAMC-DRAFT-0658,cn_to_mo_pharmacovigilance,诊断记录（ICD-10）；检验检查数据；用药记录；不良事件报告,CN,MO,pharmacovigilance,12517,2024-10-28,,,,
GBAMC-DRAFT-0607,cn_to_mo_pharmacovigilance,诊断记录（ICD-10）；检验检查数据；用药记录；不良事件报告,CN,MO,pharmacovigilance,48108,2024-01-22,,,,
GBAMC-DRAFT-0653,cn_to_mo_pharmacovigilance,诊断记录（ICD-10）；检验检查数据；用药记录；不良事件报告,CN,MO,pharmacovigilance,15805,2024-04-10,,,,
GBAMC-DRAFT-0696,cn_to_mo_pharmacovigilance,诊断记录（ICD-10）；检验检查数据；用药记录；不良事件报告,CN,MO,pharmacovigilance,40884,2024-05-06,,,,
GBAMC-DRAFT-0680,cn_to_mo_pharmacovigilance,诊断记录（ICD-10）；孕产记录；检验检查数据；用药记录；不良事件报告,CN,MO,pharmacovigilance,39146,2024-12-20,,,,
GBAMC-DRAFT-0719,cn_to_mo_pharmacovigilance,诊断记录（ICD-10）；检验检查数据；基因测序数据；用药记录；不良事件报告,CN,MO,pharmacovigilance,28637,2024-07-20,,,,
GBAMC-DRAFT-0697,cn_to_mo_pharmacovigilance,诊断记录（ICD-10）；检验检查数据；用药记录；不良事件报告,CN,MO,pharmacovigilance,4448,2024-08-02,,,,
GBAMC-DRAFT-0620,cn_to_mo_pharmacovigilance,诊断记录（ICD-10）；检验检查数据；用药记录；不良事件报告,CN,MO,pharmacovigilance,37217,2024-01-29,,,,
GBAMC-DRAFT-0707,cn_to_mo_pharmacovigilance,诊断记录（ICD-10）；检验检查数据；用药记录；不良事件报告,CN,MO,pharmacovigilance,31289,2024-04-28,,,,
GBAMC-DRAFT-0617,cn_to_mo_pharmacovigilance,诊断记录（ICD-10）；检验检查数据；基因测序数据；用药记录；不良事件报告,CN,MO,pharmacovigilance,29855,2024-10-22,,,,
GBAMC-DRAFT-0674,cn_to_mo_pharmacovigilance,诊断记录（ICD-10）；检验检查数据；用药记录；不良事件报告,CN,MO,pharmacovigilance,20375,2024-12-04,,,,
GBAMC-DRAFT-0648,cn_to_mo_pharmacovigilance,诊断记录（ICD-10）；检验检查数据；用药记录；不良事件报告,CN,MO,pharmacovigilance,22016,2024-12-26,,,,
GBAMC-DRAFT-0603,cn_to_mo_pharmacovigilance,诊断记录（ICD-10）；检验检查数据；用药记录；不良事件报告,CN,MO,pharmacovigilance,10795,2024-04-16,,,,
GBAMC-DRAFT-0635,cn_to_mo_pharmacovigilance,孕产记录；检验检查数据；用药记录；不良事件报告,CN,MO,pharmacovigilance,31641,2024-01-26,,,,
GBAMC-DRAFT-0685,cn_to_mo_pharmacovigilance,诊断记录（ICD-10）；检验检查数据；用药记录；不良事件报告,CN,MO,pharmacovigilance,28494,2024-03-01,,,,
GBAMC-DRAFT-0682,cn_to_mo_pharmacovigilance,诊断记录（ICD-10）；内分泌疾病记录；检验检查数据；用药记录；不良事件报告,CN,MO,pharmacovigilance,10627,2025-01-20,,,,
GBAMC-DRAFT-0708,cn_to_mo_pharmacovigilance,诊断记录（ICD-10）；检验检查数据；用药记录；不良事件报告,CN,MO,pharmacovigilance,6771,2025-01-02,,,,
GBAMC-DRAFT-0671,cn_to_mo_pharmacovigilance,诊断记录（ICD-10）；检验检查数据；用药记录；不良事件报告,CN,MO,pharmacovigilance,21695,2024-12-08,,,,
GBAMC-DRAFT-0750,cn_to_mo_telemedicine,诊断记录（ICD-10）；检验检查数据；门诊病历；生命体征监测数据；影像报告,CN,MO,telemedicine,18245,2024-01-28,,,,
GBAMC-DRAFT-0816,cn_to_mo_telemedicine,诊断记录（ICD-10）；检验检查数据；门诊病历；生命体征监测数据；影像报告,CN,MO,telemedicine,6042,2024-02-25,,,,
GBAMC-DRAFT-0792,cn_to_mo_telemedicine,诊断记录（ICD-10）；检验检查数据；门诊病历；生命体征监测数据；影像报告,CN,MO,telemedicine,7300,2024-09-24,,,,
GBAMC-DRAFT-0742,cn_to_mo_telemedicine,诊断记录（ICD-10）；检验检查数据；门诊病历；生命体征监测数据；影像报告,CN,MO,telemedicine,13043,2024-08-04,,,,
GBAMC-DRAFT-0743,cn_to_mo_telemedicine,诊断记录（ICD-10）；检验检查数据；门诊病历；生命体征监测数据；影像报告,CN,MO,telemedicine,1850,2024-04-21,,,,
GBAMC-DRAFT-0722,cn_to_mo_telemedicine,诊断记录（ICD-10）；检验检查数据；基因测序数据；门诊病历；生命体征监测数据,CN,MO,telemedicine,9196,2024-06-17,,,,
GBAMC-DRAFT-0818,cn_to_mo_telemedicine,孕产记录；诊断记录（ICD-10）；检验检查数据；门诊病历；生命体征监测数据,CN,MO,telemedicine,509,2024-09-17,,,,
GBAMC-DRAFT-0798,cn_to_mo_telemedicine,诊断记录（ICD-10）；检验检查数据；门诊病历；生命体征监测数据；影像报告,CN,MO,telemedicine,16747,2024-06-04,,,,
GBAMC-DRAFT-0764,cn_to_mo_telemedicine,孕产记录；诊断记录（ICD-10）；检验检查数据；门诊病历；生命体征监测数据,CN,MO,telemedicine,1540,2024-04-28,,,,
GBAMC-DRAFT-0728,cn_to_mo_telemedicine,诊断记录（ICD-10）；检验检查数据；基因测序数据；门诊病历；生命体征监测数据,CN,MO,telemedicine,16242,2024-09-16,,,,
GBAMC-DRAFT-0791,cn_to_mo_telemedicine,诊断记录（ICD-10）；检验检查数据；门诊病历；生命体征监测数据；影像报告,CN,MO,telemedicine,9064,2024-05-20,,,,
GBAMC-DRAFT-0747,cn_to_mo_telemedicine,诊断记录（ICD-10）；内分泌疾病记录；检验检查数据；门诊病历；生命体征监测数据,CN,MO,telemedicine,11355,2024-08-23,,,,
GBAMC-DRAFT-0804,cn_to_mo_telemedicine,诊断记录（ICD-10）；检验检查数据；门诊病历；生命体征监测数据；影像报告,CN,MO,telemedicine,4000,2024-12-19,,,,
GBAMC-DRAFT-0781,cn_to_mo_telemedicine,诊断记录（ICD-10）；检验检查数据；门诊病历；生命体征监测数据；影像报告,CN,MO,telemedicine,18361,2024-05-10,,,,
GBAMC-DRAFT-0835,cn_to_mo_telemedicine,诊断记录（ICD-10）；检验检查数据；门诊病历；生命体征监测数据；影像报告,CN,MO,telemedicine,2467,2024-06-28,,,,
GBAMC-DRAFT-0829,cn_to_mo_telemedicine,诊断记录（ICD-10）；检验检查数据；基因测序数据；门诊病历；生命体征监测数据,CN,MO,telemedicine,17813,2024-03-11,,,,
GBAMC-DRAFT-0827,cn_to_mo_telemedicine,检验检查数据；门诊病历；生命体征监测数据；影像报告,CN,MO,telemedicine,17092,2024-11-16,,,,
GBAMC-DRAFT-0789,cn_to_mo_telemedicine,诊断记录（ICD-10）；内分泌疾病记录；检验检查数据；门诊病历；生命体征监测数据,CN,MO,telemedicine,17179,2024-02-24,,,,
GBAMC-DRAFT-0823,cn_to_mo_telemedicine,诊断记录（ICD-10）；检验检查数据；门诊病历；生命体征监测数据；影像报告,CN,MO,telemedicine,7590,2024-03-07,,,,
GBAMC-DRAFT-0807,cn_to_mo_telemedicine,诊断记录（ICD-10）；检验检查数据；门诊病历；生命体征监测数据；影像报告,CN,MO,telemedicine,1729,2024-02-27,,,,
GBAMC-DRAFT-0780,cn_to_mo_telemedicine,诊断记录（ICD-10）；检验检查数据；门诊病历；生命体征监测数据；影像报告,CN,MO,telemedicine,2238,2024-08-09,,,,
GBAMC-DRAFT-0821,cn_to_mo_telemedicine,诊断记录（ICD-10）；检验检查数据；门诊病历；生命体征监测数据；影像报告,CN,MO,telemedicine,9189,2024-08-12,,,,
GBAMC-DRAFT-0805,cn_to_mo_telemedicine,诊断记录（ICD-10）；内分泌疾病记录；检验检查数据；门诊病历；生命体征监测数据,CN,MO,telemedicine,3689,2024-07-11,,,,
GBAMC-DRAFT-0825,cn_to_mo_telemedicine,诊断记录（ICD-10）；检验检查数据；门诊病历；生命体征监测数据；影像报告,CN,MO,telemedicine,14302,2024-03-11,,,,
GBAMC-DRAFT-0733,cn_to_mo_telemedicine,诊断记录（ICD-10）；检验检查数据；基因测序数据；门诊病历；生命体征监测数据,CN,MO,telemedicine,18918,2024-02-14,,,,
GBAMC-DRAFT-0820,cn_to_mo_telemedicine,内分泌疾病记录；诊断记录（ICD-10）；检验检查数据；门诊病历；生命体征监测数据,CN,MO,telemedicine,13641,2024-04-26,,,,
GBAMC-DRAFT-0766,cn_to_mo_telemedicine,内分泌疾病记录；诊断记录（ICD-10）；检验检查数据；门诊病历；生命体征监测数据,CN,MO,telemedicine,19085,2024-10-02,,,,
GBAMC-DRAFT-0793,cn_to_mo_telemedicine,诊断记录（ICD-10）；检验检查数据；门诊病历；生命体征监测数据；影像报告,CN,MO,telemedicine,3602,2024-05-15,,,,
GBAMC-DRAFT-0568,gba_storage_backup,检验检查数据；可穿戴健康数据；生命体征监测数据；住院病历,HK,CN,storage_backup,244571,2024-12-06,,,,
GBAMC-DRAFT-0512,gba_storage_backup,诊断记录（ICD-10）；检验检查数据；可穿戴健康数据；生命体征监测数据；住院病历,HK,CN,storage_backup,265566,2024-01-09,,,,
GBAMC-DRAFT-0508,gba_storage_backup,检验检查数据；可穿戴健康数据；生命体征监测数据；住院病历,HK,CN,storage_backup,461665,2024-09-13,,,,
GBAMC-DRAFT-0500,gba_storage_backup,诊断记录（ICD-10）；孕产记录；检验检查数据；可穿戴健康数据；生命体征监测数据,HK,CN,storage_backup,326046,2024-09-14,,,,
GBAMC-DRAFT-0590,gba_storage_backup,诊断记录（ICD-10）；内分泌疾病记录；检验检查数据；可穿戴健康数据；生命体征监测数据,HK,CN,storage_backup,162152,2024-08-27,,,,
GBAMC-DRAFT-0540,gba_storage_backup,诊断记录（ICD-10）；检验检查数据；可穿戴健康数据；生命体征监测数据；住院病历,HK,CN,storage_backup,438414,2025-01-09,,,,
GBAMC-DRAFT-0582,gba_storage_backup,诊断记录（ICD-10）；检验检查数据；可穿戴健康数据；生命体征监测数据；住院病历,HK,CN,storage_backup,192796,2024-09-02,,,,
GBAMC-DRAFT-0547,gba_storage_backup,诊断记录（ICD-10）；检验检查数据；可穿戴健康数据；生命体征监测数据；住院病历,HK,CN,storage_backup,233780,2024-10-04,,,,
GBAMC-DRAFT-0599,gba_storage_backup,诊断记录（ICD-10）；检验检查数据；可穿戴健康数据；生命体征监测数据；住院病历,HK,CN,storage_backup,147929,2024-05-19,,,,
GBAMC-DRAFT-0564,gba_storage_backup,诊断记录（ICD-10）；检验检查数据；可穿戴健康数据；生命体征监测数据；住院病历,HK,CN,storage_backup,412613,2024-12-10,,,,
GBAMC-DRAFT-0555,gba_storage_backup,诊断记录（ICD-10）；检验检查数据；基因测序数据；可穿戴健康数据；生命体征监测数据,HK,CN,storage_backup,231574,2024-05-17,,,,
GBAMC-DRAFT-0522,gba_storage_backup,诊断记录（ICD-10）；检验检查数据；可穿戴健康数据；生命体征监测数据；住院病历,HK,CN,storage_backup,443337,2024-02-19,,,,
GBAMC-DRAFT-0526,gba_storage_backup,诊断记录（ICD-10）；检验检查数据；可穿戴健康数据；生命体征监测数据；住院病历,HK,CN,storage_backup,220848,2024-04-13,,,,
GBAMC-DRAFT-0511,gba_storage_backup,诊断记录（ICD-10）；检验检查数据；可穿戴健康数据；生命体征监测数据；住院病历,HK,CN,storage_backup,251639,2024-07-08,,,,
GBAMC-DRAFT-0570,gba_storage_backup,诊断记录（ICD-10）；内分泌疾病记录；检验检查数据；可穿戴健康数据；生命体征监测数据,HK,CN,storage_backup,308169,2024-05-12,,,,
GBAMC-DRAFT-0543,gba_storage_backup,诊断记录（ICD-10）；检验检查数据；可穿戴健康数据；生命体征监测数据；住院病历,HK,CN,storage_backup,426118,2025-01-12,,,,
GBAMC-DRAFT-0521,gba_storage_backup,诊断记录（ICD-10）；检验检查数据；可穿戴健康数据；生命体征监测数据；住院病历,HK,CN,storage_backup,420366,2024-05-26,,,,
GBAMC-DRAFT-0549,gba_storage_backup,诊断记录（ICD-10）；内分泌疾病记录；检验检查数据；可穿戴健康数据；生命体征监测数据,HK,CN,storage_backup,21758,2024-04-30,,,,
GBAMC-DRAFT-0488,gba_storage_backup,诊断记录（ICD-10）；检验检查数据；可穿戴健康数据；生命体征监测数据；住院病历,HK,CN,storage_backup,447900,2024-02-25,,,,
GBAMC-DRAFT-0533,gba_storage_backup,诊断记录（ICD-10）；检验检查数据；可穿戴健康数据；生命体征监测数据；住院病历,HK,CN,storage_backup,405224,2024-10-10,,,,
GBAMC-DRAFT-0491,gba_storage_backup,诊断记录（ICD-10）；孕产记录；检验检查数据；可穿戴健康数据；生命体征监测数据,HK,CN,storage_backup,370227,2024-05-17,,,,
GBAMC-DRAFT-0583,gba_storage_backup,诊断记录（ICD-10）；检验检查数据；可穿戴健康数据；生命体征监测数据；住院病历,HK,CN,storage_backup,443721,2024-10-01,,,,
GBAMC-DRAFT-0586,gba_storage_backup,诊断记录（ICD-10）；内分泌疾病记录；检验检查数据；可穿戴健康数据；生命体征监测数据,HK,CN,storage_backup,320870,2024-11-13,,,,
GBAMC-DRAFT-0544,gba_storage_backup,诊断记录（ICD-10）；孕产记录；检验检查数据；可穿戴健康数据；生命体征监测数据,HK,CN,storage_backup,290207,2024-06-15,,,,
GBAMC-DRAFT-0502,gba_storage_backup,诊断记录（ICD-10）；检验检查数据；可穿戴健康数据；生命体征监测数据；住院病历,HK,CN,storage_backup,397572,2025-01-27,,,,
GBAMC-DRAFT-0532,gba_storage_backup,诊断记录（ICD-10）；肿瘤诊断记录；检验检查数据；可穿戴健康数据；生命体征监测数据,HK,CN,storage_backup,367077,2024-11-23,,,,
GBAMC-DRAFT-0482,gba_storage_backup,孕产记录；检验检查数据；可穿戴健康数据；生命体征监测数据；住院病历,HK,CN,storage_backup,498094,2024-08-07,,,,
GBAMC-DRAFT-0591,gba_storage_backup,诊断记录（ICD-10）；内分泌疾病记录；检验检查数据；基因测序数据；可穿戴健康数据,HK,CN,storage_backup,193583,2024-01-09,,,,
GBAMC-DRAFT-0460,gba_telemedicine,诊断记录（ICD-10）；检验检查数据；门诊病历；生命体征监测数据；影像报告,MO,CN,telemedicine,2135,2024-07-25,,,,
GBAMC-DRAFT-0402,gba_telemedicine,诊断记录（ICD-10）；检验检查数据；门诊病历；生命体征监测数据；影像报告,MO,CN,telemedicine,5945,2024-09-08,,,,
GBAMC-DRAFT-0434,gba_telemedicine,诊断记录（ICD-10）；内分泌疾病记录；检验检查数据；门诊病历；生命体征监测数据,MO,CN,telemedicine,14000,2024-09-26,,,,
GBAMC-DRAFT-0456,gba_telemedicine,内分泌疾病记录；诊断记录（ICD-10）；检验检查数据；基因测序数据；门诊病历,MO,CN,telemedicine,18703,2024-01-25,,,,
GBAMC-DRAFT-0443,gba_telemedicine,诊断记录（ICD-10）；检验检查数据；基因测序数据；门诊病历；生命体征监测数据,MO,CN,telemedicine,15860,2024-01-27,,,,
GBAMC-DRAFT-0420,gba_telemedicine,诊断记录（ICD-10）；检验检查数据；门诊病历；生命体征监测数据；影像报告,MO,CN,telemedicine,17059,2024-09-01,,,,
GBAMC-DRAFT-0454,gba_telemedicine,诊断记录（ICD-10）；孕产记录；检验检查数据；门诊病历；生命体征监测数据,MO,CN,telemedicine,15386,2024-12-23,,,,
GBAMC-DRAFT-0431,gba_telemedicine,诊断记录（ICD-10）；检验检查数据；门诊病历；生命体征监测数据；影像报告,MO,CN,telemedicine,1706,2024-10-23,,,,
GBAMC-DRAFT-0449,gba_telemedicine,诊断记录（ICD-10）；检验检查数据；基因测序数据；门诊病历；生命体征监测数据,MO,CN,telemedicine,13597,2024-02-27,,,,
GBAMC-DRAFT-0418,gba_telemedicine,诊断记录（ICD-10）；孕产记录；检验检查数据；门诊病历；生命体征监测数据,MO,CN,telemedicine,19425,2024-05-01,,,,
GBAMC-DRAFT-0406,gba_telemedicine,诊断记录（ICD-10）；孕产记录；检验检查数据；门诊病历；生命体征监测数据,MO,CN,telemedicine,10348,2024-07-24,,,,
GBAMC-DRAFT-0429,gba_telemedicine,诊断记录（ICD-10）；检验检查数据；门诊病历；生命体征监测数据；影像报告,MO,CN,telemedicine,961,2025-01-23,,,,
GBAMC-DRAFT-0397,gba_telemedicine,诊断记录（ICD-10）；检验检查数据；门诊病历；生命体征监测数据；影像报告,MO,CN,telemedicine,4641,2024-04-20,,,,
GBAMC-DRAFT-0379,gba_telemedicine,诊断记录（ICD-10）；内分泌疾病记录；检验检查数据；门诊病历；生命体征监测数据,MO,CN,telemedicine,5216,2024-05-02,,,,
GBAMC-DRAFT-0450,gba_telemedicine,诊断记录（ICD-10）；检验检查数据；门诊病历；生命体征监测数据；影像报告,MO,CN,telemedicine,9164,2025-01-15,,,,
GBAMC-DRAFT-0366,gba_telemedicine,诊断记录（ICD-10）；检验检查数据；门诊病历；生命体征监测数据；影像报告,MO,CN,telemedicine,10169,2024-10-16,,,,
GBAMC-DRAFT-0462,gba_telemedicine,诊断记录（ICD-10）；检验检查数据；基因测序数据；门诊病历；生命体征监测数据,MO,CN,telemedicine,16003,2024-02-16,,,,
GBAMC-DRAFT-0380,gba_telemedicine,诊断记录（ICD-10）；检验检查数据；基因测序数据；门诊病历；生命体征监测数据,MO,CN,telemedicine,879,2024-06-15,,,,
GBAMC-DRAFT-0452,gba_telemedicine,诊断记录（ICD-10）；检验检查数据；基因测序数据；门诊病历；生命体征监测数据,MO,CN,telemedicine,14186,2024-06-23,,,,
GBAMC-DRAFT-0427,gba_telemedicine,诊断记录（ICD-10）；检验检查数据；基因测序数据；门诊病历；生命体征监测数据,MO,CN,telemedicine,6076,2024-11-14,,,,
GBAMC-DRAFT-0403,gba_telemedicine,诊断记录（ICD-10）；检验检查数据；门诊病历；生命体征监测数据；影像报告,MO,CN,telemedicine,9361,2024-10-23,,,,
GBAMC-DRAFT-0393,gba_telemedicine,诊断记录（ICD-10）；检验检查数据；门诊病历；生命体征监测数据；影像报告,MO,CN,telemedicine,10360,2024-02-11,,,,
GBAMC-DRAFT-0473,gba_telemedicine,诊断记录（ICD-10）；检验检查数据；基因测序数据；门诊病历；生命体征监测数据,MO,CN,telemedicine,5944,2024-06-17,,,,
GBAMC-DRAFT-0425,gba_telemedicine,诊断记录（ICD-10）；检验检查数据；门诊病历；生命体征监测数据；影像报告,MO,CN,telemedicine,8493,2024-10-25,,,,
GBAMC-DRAFT-0361,gba_telemedicine,诊断记录（ICD-10）；检验检查数据；门诊病历；生命体征监测数据；影像报告,MO,CN,telemedicine,11629,2024-06-10,,,,
GBAMC-DRAFT-0424,gba_telemedicine,诊断记录（ICD-10）；检验检查数据；门诊病历；生命体征监测数据；影像报告,MO,CN,telemedicine,2731,2024-09-13,,,,
GBAMC-DRAFT-0475,gba_telemedicine,诊断记录（ICD-10）；检验检查数据；门诊病历；生命体征监测数据；影像报告,MO,CN,telemedicine,2645,2024-12-11,,,,
GBAMC-DRAFT-0386,gba_telemedicine,诊断记录（ICD-10）；检验检查数据；门诊病历；生命体征监测数据；影像报告,MO,CN,telemedicine,19497,2024-12-25,,,,
GBAMC-DRAFT-0103,hk_to_cn_ai_training,诊断记录（ICD-10）；检验检查数据；影像报告；基因测序数据,HK,CN,model_training,54294,2024-07-27,,,,
GBAMC-DRAFT-0113,hk_to_cn_ai_training,诊断记录（ICD-10）；检验检查数据；影像报告；基因测序数据,HK,CN,model_training,53130,2024-10-15,,,,
GBAMC-DRAFT-0112,hk_to_cn_ai_training,诊断记录（ICD-10）；检验检查数据；影像报告；基因测序数据,HK,CN,model_training,51441,2024-01-19,,,,
GBAMC-DRAFT-0058,hk_to_cn_ai_training,诊断记录（ICD-10）；检验检查数据；影像报告；基因测序数据,HK,CN,model_training,22187,2024-02-20,,,,
GBAMC-DRAFT-0042,hk_to_cn_ai_training,诊断记录（ICD-10）；孕产记录；检验检查数据；影像报告；基因测序数据,HK,CN,model_training,11468,2024-11-27,,,,
GBAMC-DRAFT-0079,hk_to_cn_ai_training,诊断记录（ICD-10）；检验检查数据；影像报告；基因测序数据,HK,CN,model_training,73749,2025-01-01,,,,
GBAMC-DRAFT-0002,hk_to_cn_ai_training,诊断记录（ICD-10）；检验检查数据；影像报告；基因测序数据,HK,CN,model_training,60338,2024-04-10,,,,
GBAMC-DRAFT-0026,hk_to_cn_ai_training,诊断记录（ICD-10）；检验检查数据；基因测序数据；影像报告,HK,CN,model_training,49071,2024-08-28,,,,
GBAMC-DRAFT-0097,hk_to_cn_ai_training,诊断记录（ICD-10）；检验检查数据；影像报告；基因测序数据,HK,CN,model_training,77477,2024-06-11,,,,
GBAMC-DRAFT-0036,hk_to_cn_ai_training,诊断记录（ICD-10）；内分泌疾病记录；检验检查数据；影像报告；基因测序数据,HK,CN,model_training,50273,2024-09-09,,,,
GBAMC-DRAFT-0106,hk_to_cn_ai_training,诊断记录（ICD-10）；检验检查数据；基因测序数据；影像报告,HK,CN,model_training,54104,2024-11-27,,,,
GBAMC-DRAFT-0076,hk_to_cn_ai_training,诊断记录（ICD-10）；检验检查数据；基因测序数据；影像报告,HK,CN,model_training,87845,2024-09-05,,,,
GBAMC-DRAFT-0007,hk_to_cn_ai_training,诊断记录（ICD-10）；检验检查数据；影像报告；基因测序数据,HK,CN,model_training,79905,2024-11-10,,,,
GBAMC-DRAFT-0094,hk_to_cn_ai_training,诊断记录（ICD-10）；检验检查数据；影像报告；基因测序数据,HK,CN,model_training,81793,2024-01-13,,,,
GBAMC-DRAFT-0025,hk_to_cn_ai_training,诊断记录（ICD-10）；检验检查数据；影像报告；基因测序数据,HK,CN,model_training,60010,2024-12-31,,,,
GBAMC-DRAFT-0053,hk_to_cn_ai_training,诊断记录（ICD-10）；检验检查数据；影像报告；基因测序数据,HK,CN,model_training,54163,2024-06-27,,,,
GBAMC-DRAFT-0088,hk_to_cn_ai_training,诊断记录（ICD-10）；孕产记录；检验检查数据；基因测序数据；影像报告,HK,CN,model_training,99283,2024-09-10,,,,
GBAMC-DRAFT-0067,hk_to_cn_ai_training,诊断记录（ICD-10）；检验检查数据；影像报告；基因测序数据,HK,CN,model_training,14561,2024-08-21,,,,
GBAMC-DRAFT-0072,hk_to_cn_ai_training,诊断记录（ICD-10）；检验检查数据；基因测序数据；影像报告,HK,CN,model_training,78111,2024-05-14,,,,
GBAMC-DRAFT-0009,hk_to_cn_ai_training,诊断记录（ICD-10）；检验检查数据；影像报告；基因测序数据,HK,CN,model_training,13241,2025-01-31,,,,
GBAMC-DRAFT-0110,hk_to_cn_ai_training,诊断记录（ICD-10）；检验检查数据；影像报告；基因测序数据,HK,CN,model_training,76153,2024-12-13,,,,
GBAMC-DRAFT-0008,hk_to_cn_ai_training,诊断记录（ICD-10）；检验检查数据；影像报告；基因测序数据,HK,CN,model_training,98675,2024-01-05,,,,
GBAMC-DRAFT-0069,hk_to_cn_ai_training,诊断记录（ICD-10）；检验检查数据；基因测序数据；影像报告,HK,CN,model_training,26486,2024-06-27,,,,
GBAMC-DRAFT-0017,hk_to_cn_ai_training,诊断记录（ICD-10）；检验检查数据；影像报告；基因测序数据,HK,CN,model_training,67268,2024-01-04,,,,
GBAMC-DRAFT-0050,hk_to_cn_ai_training,诊断记录（ICD-10）；检验检查数据；影像报告；基因测序数据,HK,CN,model_training,39545,2024-12-05,,,,
GBAMC-DRAFT-0000,hk_to_cn_ai_training,孕产记录；诊断记录（ICD-10）；检验检查数据；基因测序数据；影像报告,HK,CN,model_training,72149,2024-03-04,,,,
GBAMC-DRAFT-0015,hk_to_cn_ai_training,诊断记录（ICD-10）；检验检查数据；影像报告；基因测序数据,HK,CN,model_training,63459,2024-04-24,,,,
GBAMC-DRAFT-0115,hk_to_cn_ai_training,诊断记录（ICD-10）；检验检查数据；影像报告；基因测序数据,HK,CN,model_training,87823,2024-09-12,,,,
GBAMC-DRAFT-0150,mo_to_sz_multicenter,诊断记录（ICD-10）；内分泌疾病记录；检验检查数据；住院病历；基因测序数据,MO,CN,clinical_trial,25308,2024-04-23,,,,
GBAMC-DRAFT-0160,mo_to_sz_multicenter,内分泌疾病记录；诊断记录（ICD-10）；检验检查数据；基因测序数据；住院病历,MO,CN,clinical_trial,24727,2024-10-05,,,,
GBAMC-DRAFT-0135,mo_to_sz_multicenter,诊断记录（ICD-10）；检验检查数据；住院病历；基因测序数据,MO,CN,clinical_trial,47931,2025-01-15,,,,
GBAMC-DRAFT-0215,mo_to_sz_multicenter,诊断记录（ICD-10）；内分泌疾病记录；检验检查数据；住院病历；基因测序数据,MO,CN,clinical_trial,36262,2024-03-12,,,,
GBAMC-DRAFT-0153,mo_to_sz_multicenter,诊断记录（ICD-10）；检验检查数据；住院病历；基因测序数据,MO,CN,clinical_trial,33750,2024-07-20,,,,
GBAMC-DRAFT-0157,mo_to_sz_multicenter,诊断记录（ICD-10）；孕产记录；检验检查数据；住院病历；基因测序数据,MO,CN,clinical_trial,10269,2024-03-24,,,,
GBAMC-DRAFT-0155,mo_to_sz_multicenter,诊断记录（ICD-10）；检验检查数据；住院病历；基因测序数据,MO,CN,clinical_trial,49487,2025-01-18,,,,
GBAMC-DRAFT-0124,mo_to_sz_multicenter,诊断记录（ICD-10）；检验检查数据；住院病历；基因测序数据,MO,CN,clinical_trial,13268,2025-01-14,,,,
GBAMC-DRAFT-0201,mo_to_sz_multicenter,诊断记录（ICD-10）；检验检查数据；基因测序数据；住院病历,MO,CN,clinical_trial,39829,2024-10-10,,,,
GBAMC-DRAFT-0142,mo_to_sz_multicenter,诊断记录（ICD-10）；检验检查数据；住院病历；基因测序数据,MO,CN,clinical_trial,2840,2024-10-18,,,,
GBAMC-DRAFT-0189,mo_to_sz_multicenter,诊断记录（ICD-10）；孕产记录；检验检查数据；住院病历；基因测序数据,MO,CN,clinical_trial,27048,2025-01-14,,,,
GBAMC-DRAFT-0209,mo_to_sz_multicenter,诊断记录（ICD-10）；检验检查数据；基因测序数据；住院病历,MO,CN,clinical_trial,32805,2024-10-26,,,,
GBAMC-DRAFT-0205,mo_to_sz_multicenter,诊断记录（ICD-10）；检验检查数据；住院病历；基因测序数据,MO,CN,clinical_trial,12524,2024-09-26,,,,
GBAMC-DRAFT-0134,mo_to_sz_multicenter,诊断记录（ICD-10）；检验检查数据；基因测序数据；住院病历,MO,CN,clinical_trial,3802,2024-04-08,,,,
GBAMC-DRAFT-0226,mo_to_sz_multicenter,诊断记录（ICD-10）；检验检查数据；住院病历；基因测序数据,MO,CN,clinical_trial,44020,2024-03-07,,,,
GBAMC-DRAFT-0176,mo_to_sz_multicenter,诊断记录（ICD-10）；检验检查数据；住院病历；基因测序数据,MO,CN,clinical_trial,46319,2025-01-22,,,,
GBAMC-DRAFT-0179,mo_to_sz_multicenter,诊断记录（ICD-10）；检验检查数据；住院病历；基因测序数据,MO,CN,clinical_trial,44275,2024-07-17,,,,
GBAMC-DRAFT-0206,mo_to_sz_multicenter,诊断记录（ICD-10）；内分泌疾病记录；检验检查数据；住院病历；基因测序数据,MO,CN,clinical_trial,19319,2024-03-02,,,,
GBAMC-DRAFT-0140,mo_to_sz_multicenter,诊断记录（ICD-10）；检验检查数据；基因测序数据；住院病历,MO,CN,clinical_trial,43932,2024-04-07,,,,
GBAMC-DRAFT-0235,mo_to_sz_multicenter,诊断记录（ICD-10）；检验检查数据；基因测序数据；住院病历,MO,CN,clinical_trial,22605,2024-01-06,,,,
GBAMC-DRAFT-0218,mo_to_sz_multicenter,诊断记录（ICD-10）；内分泌疾病记录；检验检查数据；住院病历；基因测序数据,MO,CN,clinical_trial,18220,2025-01-18,,,,
GBAMC-DRAFT-0154,mo_to_sz_multicenter,诊断记录（ICD-10）；检验检查数据；住院病历；基因测序数据,MO,CN,clinical_trial,28287,2024-03-30,,,,
GBAMC-DRAFT-0221,mo_to_sz_multicenter,诊断记录（ICD-10）；内分泌疾病记录；检验检查数据；住院病历；基因测序数据,MO,CN,clinical_trial,4614,2024-12-02,,,,
GBAMC-DRAFT-0199,mo_to_sz_multicenter,诊断记录（ICD-10）；检验检查数据；住院病历；基因测序数据,MO,CN,clinical_trial,24438,2024-11-22,,,,
GBAMC-DRAFT-0120,mo_to_sz_multicenter,诊断记录（ICD-10）；检验检查数据；基因测序数据；住院病历,MO,CN,clinical_trial,26606,2024-01-18,,,,
GBAMC-DRAFT-0167,mo_to_sz_multicenter,诊断记录（ICD-10）；检验检查数据；基因测序数据；住院病历,MO,CN,clinical_trial,35646,2024-07-18,,,,
GBAMC-DRAFT-0133,mo_to_sz_multicenter,诊断记录（ICD-10）；检验检查数据；住院病历；基因测序数据,MO,CN,clinical_trial,31146,2024-03-10,,,,
GBAMC-DRAFT-0158,mo_to_sz_multicenter,诊断记录（ICD-10）；孕产记录；检验检查数据；住院病历；基因测序数据,MO,CN,clinical_trial,14300,2024-12-31,,,,
GBAMC-DRAFT-0461,gba_telemedicine,诊断记录（ICD-10）；检验检查数据；门诊病历；生命体征监测数据；影像报告,MO,CN,telemedicine,378,2024-06-12,,,,
GBAMC-DRAFT-0400,gba_telemedicine,诊断记录（ICD-10）；检验检查数据；门诊病历；生命体征监测数据；影像报告,MO,CN,telemedicine,11568,2024-02-19,,,,
GBAMC-DRAFT-0593,gba_storage_backup,诊断记录（ICD-10）；检验检查数据；可穿戴健康数据；生命体征监测数据；住院病历,HK,CN,storage_backup,244101,2024-11-05,,,,
GBAMC-DRAFT-0130,mo_to_sz_multicenter,肿瘤诊断记录；诊断记录（ICD-10）；内分泌疾病记录；检验检查数据；住院病历,MO,CN,clinical_trial,34126,2024-05-27,,,,
